match_id,total_runs,total_wickets,season_year,venue,batting_team,bowling_team
1426268,549,10,2024,"M Chinnaswamy Stadium, Bengaluru",Sunrisers Hyderabad,Royal Challengers Bengaluru
1529278,529,6,2026,"Arun Jaitley Stadium, Delhi",Delhi Capitals,Punjab Kings
1473439,528,12,2025,"Rajiv Gandhi International Stadium, Uppal, Hyderabad",Sunrisers Hyderabad,Rajasthan Royals
1426280,523,8,2024,"Eden Gardens, Kolkata",Kolkata Knight Riders,Punjab Kings
1422126,523,8,2024,"Rajiv Gandhi International Stadium, Uppal, Hyderabad",Sunrisers Hyderabad,Mumbai Indians
1426281,504,13,2024,"Arun Jaitley Stadium, Delhi",Delhi Capitals,Mumbai Indians
1473464,492,8,2025,"Rajiv Gandhi International Stadium, Uppal, Hyderabad",Punjab Kings,Sunrisers Hyderabad
1529284,492,9,2026,"Wankhede Stadium, Mumbai",Mumbai Indians,Sunrisers Hyderabad
1473442,475,10,2025,"Narendra Modi Stadium, Ahmedabad",Punjab Kings,Gujarat Titans
1473456,472,10,2025,"Eden Gardens, Kolkata",Lucknow Super Giants,Kolkata Knight Riders
419137,469,10,2010,"MA Chidambaram Stadium, Chepauk",Chennai Super Kings,Rajasthan Royals
1529303,465,6,2026,"Eden Gardens, Kolkata",Kolkata Knight Riders,Gujarat Titans
1426273,465,17,2024,"Arun Jaitley Stadium, Delhi",Sunrisers Hyderabad,Delhi Capitals
1527693,462,10,2026,"Wankhede Stadium, Mumbai",Royal Challengers Bengaluru,Mumbai Indians
1136604,459,14,2018,Holkar Cricket Stadium,Kolkata Knight Riders,Kings XI Punjab
1359512,458,15,2023,"Punjab Cricket Association IS Bindra Stadium, Mohali, Chandigarh",Lucknow Super Giants,Punjab Kings
1529279,457,11,2026,"Sawai Mansingh Stadium, Jaipur",Rajasthan Royals,Sunrisers Hyderabad
1529290,457,9,2026,"Wankhede Stadium, Mumbai",Lucknow Super Giants,Mumbai Indians
1527684,457,13,2026,"M Chinnaswamy Stadium, Bengaluru",Royal Challengers Bengaluru,Chennai Super Kings
1473507,457,7,2025,"Bharat Ratna Shri Atal Bihari Vajpayee Ekana Cricket Stadium, Lucknow",Lucknow Super Giants,Royal Challengers Bengaluru
1529310,455,8,2026,"Rajiv Gandhi International Stadium, Uppal, Hyderabad",Sunrisers Hyderabad,Royal Challengers Bengaluru
1529272,454,12,2026,"Maharaja Yadavindra Singh International Cricket Stadium, New Chandigarh",Punjab Kings,Lucknow Super Giants
1082641,453,9,2017,Wankhede Stadium,Kings XI Punjab,Mumbai Indians
1529286,451,9,2026,"Sawai Mansingh Stadium, Jaipur",Rajasthan Royals,Delhi Capitals
1529283,450,8,2026,"Maharaja Yadavindra Singh International Cricket Stadium, New Chandigarh",Punjab Kings,Rajasthan Royals
1216527,449,8,2020,Sharjah Cricket Stadium,Kings XI Punjab,Rajasthan Royals
1426269,447,14,2024,"Eden Gardens, Kolkata",Kolkata Knight Riders,Rajasthan Royals
335983,447,9,2008,"Punjab Cricket Association Stadium, Mohali",Chennai Super Kings,Kings XI Punjab
1473505,446,13,2025,"Arun Jaitley Stadium, Delhi",Sunrisers Hyderabad,Kolkata Knight Riders
1529307,445,8,2026,"Sawai Mansingh Stadium, Jaipur",Lucknow Super Giants,Rajasthan Royals
1359498,444,14,2023,"M Chinnaswamy Stadium, Bengaluru",Chennai Super Kings,Royal Challengers Bangalore
1426278,444,12,2024,"Arun Jaitley Stadium, Delhi",Delhi Capitals,Gujarat Titans
1527675,444,8,2026,"Wankhede Stadium, Mumbai",Kolkata Knight Riders,Mumbai Indians
1426274,443,16,2024,"Eden Gardens, Kolkata",Kolkata Knight Riders,Royal Challengers Bengaluru
1527690,442,10,2026,"Maharaja Yadavindra Singh International Cricket Stadium, New Chandigarh",Sunrisers Hyderabad,Punjab Kings
1422138,439,13,2024,"Wankhede Stadium, Mumbai",Mumbai Indians,Delhi Capitals
1535463,439,18,2026,"Maharaja Yadavindra Singh International Cricket Stadium, New Chandigarh",Rajasthan Royals,Sunrisers Hyderabad
1216515,438,12,2020,Sharjah Cricket Stadium,Delhi Capitals,Kolkata Knight Riders
1422134,438,17,2024,"Dr. Y.S. Rajasekhara Reddy ACA-VDCA Cricket Stadium, Visakhapatnam",Kolkata Knight Riders,Delhi Capitals
1254061,438,13,2021,"Wankhede Stadium, Mumbai",Punjab Kings,Rajasthan Royals
1529292,437,11,2026,"Rajiv Gandhi International Stadium, Uppal, Hyderabad",Sunrisers Hyderabad,Punjab Kings
1254084,437,10,2021,"Arun Jaitley Stadium, Delhi",Chennai Super Kings,Mumbai Indians
1529274,437,11,2026,"Rajiv Gandhi International Stadium, Uppal, Hyderabad",Sunrisers Hyderabad,Delhi Capitals
1473502,437,11,2025,"Narendra Modi Stadium, Ahmedabad",Lucknow Super Giants,Gujarat Titans
1473509,436,11,2025,"Maharaja Yadavindra Singh International Cricket Stadium, New Chandigarh",Mumbai Indians,Gujarat Titans
1473491,435,12,2025,"Himachal Pradesh Cricket Association Stadium, Dharamsala",Punjab Kings,Lucknow Super Giants
501223,433,10,2011,Feroz Shah Kotla,Delhi Daredevils,Kings XI Punjab
1359493,433,11,2023,"Eden Gardens, Kolkata",Sunrisers Hyderabad,Kolkata Knight Riders
1535464,433,9,2026,"Maharaja Yadavindra Singh International Cricket Stadium, New Chandigarh",Rajasthan Royals,Gujarat Titans
335990,431,12,2008,"Rajiv Gandhi International Stadium, Uppal",Deccan Chargers,Rajasthan Royals
1359526,431,8,2023,"Sawai Mansingh Stadium, Jaipur",Rajasthan Royals,Sunrisers Hyderabad
829795,431,8,2015,Wankhede Stadium,Royal Challengers Bangalore,Mumbai Indians
1359520,430,7,2023,"Punjab Cricket Association IS Bindra Stadium, Mohali, Chandigarh",Punjab Kings,Mumbai Indians
1178422,430,9,2019,Eden Gardens,Kolkata Knight Riders,Mumbai Indians
1473458,430,14,2025,"Wankhede Stadium, Mumbai",Royal Challengers Bengaluru,Mumbai Indians
1304080,429,10,2022,"Wankhede Stadium, Mumbai",Rajasthan Royals,Delhi Capitals
1426307,429,11,2024,"Rajiv Gandhi International Stadium, Uppal, Hyderabad",Punjab Kings,Sunrisers Hyderabad
1473497,428,12,2025,"Sawai Mansingh Stadium, Jaipur",Punjab Kings,Rajasthan Royals
734047,428,13,2014,Wankhede Stadium,Kings XI Punjab,Chennai Super Kings
1254088,428,17,2021,"Zayed Cricket Stadium, Abu Dhabi",Mumbai Indians,Sunrisers Hyderabad
1304076,427,15,2022,"Brabourne Stadium, Mumbai",Rajasthan Royals,Kolkata Knight Riders
1426297,427,11,2024,"Narendra Modi Stadium, Ahmedabad",Gujarat Titans,Chennai Super Kings
1529298,426,12,2026,"Himachal Pradesh Cricket Association Stadium, Dharamsala",Punjab Kings,Delhi Capitals
1359516,426,11,2023,"Wankhede Stadium, Mumbai",Rajasthan Royals,Mumbai Indians
1359489,425,11,2023,"M Chinnaswamy Stadium, Bengaluru",Royal Challengers Bangalore,Lucknow Super Giants
1473489,424,10,2025,"M Chinnaswamy Stadium, Bengaluru",Royal Challengers Bengaluru,Chennai Super Kings
1426277,423,8,2024,"MA Chidambaram Stadium, Chepauk, Chennai",Chennai Super Kings,Lucknow Super Giants
1136611,422,9,2018,M.Chinnaswamy Stadium,Royal Challengers Bangalore,Sunrisers Hyderabad
1359480,422,14,2023,"MA Chidambaram Stadium, Chepauk, Chennai",Chennai Super Kings,Lucknow Super Giants
1082632,422,10,2017,Feroz Shah Kotla,Gujarat Lions,Delhi Daredevils
1254072,422,13,2021,"Wankhede Stadium, Mumbai",Chennai Super Kings,Kolkata Knight Riders
1426294,422,16,2024,"Arun Jaitley Stadium, Delhi",Delhi Capitals,Rajasthan Royals
1426296,422,17,2024,"Himachal Pradesh Cricket Association Stadium, Dharamsala",Royal Challengers Bengaluru,Punjab Kings
1304053,421,11,2022,"Brabourne Stadium, Mumbai",Chennai Super Kings,Lucknow Super Giants
1473484,421,6,2025,"Sawai Mansingh Stadium, Jaipur",Gujarat Titans,Rajasthan Royals
1529304,421,12,2026,"Himachal Pradesh Cricket Association Stadium, Dharamsala",Royal Challengers Bengaluru,Punjab Kings
1359507,421,12,2023,"Eden Gardens, Kolkata",Chennai Super Kings,Kolkata Knight Riders
1473441,420,17,2025,"Dr. Y.S. Rajasekhara Reddy ACA-VDCA Cricket Stadium, Visakhapatnam",Lucknow Super Giants,Delhi Capitals
419107,420,14,2010,Brabourne Stadium,Mumbai Indians,Rajasthan Royals
1473459,420,11,2025,"Maharaja Yadavindra Singh International Cricket Stadium, Mullanpur",Punjab Kings,Chennai Super Kings
1473503,420,16,2025,"Bharat Ratna Shri Atal Bihari Vajpayee Ekana Cricket Stadium, Lucknow",Sunrisers Hyderabad,Royal Challengers Bengaluru
1527687,419,12,2026,"Arun Jaitley Stadium, Delhi",Gujarat Titans,Delhi Capitals
1527680,419,10,2026,"MA Chidambaram Stadium, Chepauk, Chennai",Chennai Super Kings,Punjab Kings
1304112,418,8,2022,"Dr DY Patil Sports Academy, Mumbai",Lucknow Super Giants,Kolkata Knight Riders
733987,418,10,2014,Barabati Stadium,Kings XI Punjab,Chennai Super Kings
734007,416,9,2014,"Rajiv Gandhi International Stadium, Uppal",Sunrisers Hyderabad,Kings XI Punjab
1535462,416,15,2026,"Himachal Pradesh Cricket Association Stadium, Dharamsala",Royal Challengers Bengaluru,Gujarat Titans
1216496,416,13,2020,Sharjah Cricket Stadium,Rajasthan Royals,Chennai Super Kings
1178410,416,9,2019,Eden Gardens,Royal Challengers Bangalore,Kolkata Knight Riders
1136571,415,10,2018,M.Chinnaswamy Stadium,Rajasthan Royals,Royal Challengers Bangalore
1359505,415,14,2023,"Wankhede Stadium, Mumbai",Punjab Kings,Mumbai Indians
1485779,414,12,2025,"Sawai Mansingh Stadium, Jaipur",Punjab Kings,Delhi Capitals
1527682,414,14,2026,"Narendra Modi Stadium, Ahmedabad",Rajasthan Royals,Gujarat Titans
548318,413,13,2012,"MA Chidambaram Stadium, Chepauk",Royal Challengers Bangalore,Chennai Super Kings
1304049,413,7,2022,"Dr DY Patil Sports Academy, Mumbai",Royal Challengers Bangalore,Punjab Kings
336033,412,12,2008,"MA Chidambaram Stadium, Chepauk",Rajasthan Royals,Chennai Super Kings
1529293,412,9,2026,"Bharat Ratna Shri Atal Bihari Vajpayee Ekana Cricket Stadium, Lucknow",Lucknow Super Giants,Royal Challengers Bengaluru
1422121,412,14,2024,"Eden Gardens, Kolkata",Kolkata Knight Riders,Sunrisers Hyderabad
1136584,412,13,2018,M.Chinnaswamy Stadium,Royal Challengers Bangalore,Chennai Super Kings
1175372,411,8,2019,M.Chinnaswamy Stadium,Royal Challengers Bangalore,Kolkata Knight Riders
729283,411,8,2014,Sheikh Zayed Stadium,Chennai Super Kings,Kings XI Punjab
1473490,411,12,2025,"Eden Gardens, Kolkata",Kolkata Knight Riders,Rajasthan Royals
1473499,411,12,2025,"Bharat Ratna Shri Atal Bihari Vajpayee Ekana Cricket Stadium, Lucknow",Lucknow Super Giants,Sunrisers Hyderabad
1529277,411,8,2026,"M Chinnaswamy Stadium, Bengaluru",Gujarat Titans,Royal Challengers Bengaluru
1529296,411,13,2026,"MA Chidambaram Stadium, Chepauk, Chennai",Lucknow Super Giants,Chennai Super Kings
1359487,411,11,2023,"Narendra Modi Stadium, Ahmedabad",Gujarat Titans,Kolkata Knight Riders
1359538,411,10,2023,"Himachal Pradesh Cricket Association Stadium, Dharamsala",Delhi Capitals,Punjab Kings
1473510,410,11,2025,"Narendra Modi Stadium, Ahmedabad",Mumbai Indians,Punjab Kings
1473488,410,12,2025,"Narendra Modi Stadium, Ahmedabad",Gujarat Titans,Sunrisers Hyderabad
335989,410,12,2008,"MA Chidambaram Stadium, Chepauk",Chennai Super Kings,Mumbai Indians
1426305,410,12,2024,"Wankhede Stadium, Mumbai",Lucknow Super Giants,Mumbai Indians
1304068,409,13,2022,"Dr DY Patil Sports Academy, Mumbai",Chennai Super Kings,Royal Challengers Bangalore
548372,409,10,2012,Feroz Shah Kotla,Royal Challengers Bangalore,Delhi Daredevils
1359531,409,13,2023,"Wankhede Stadium, Mumbai",Mumbai Indians,Gujarat Titans
980907,409,10,2016,M Chinnaswamy Stadium,Royal Challengers Bangalore,Sunrisers Hyderabad
1426306,409,12,2024,"M Chinnaswamy Stadium, Bengaluru",Royal Challengers Bengaluru,Chennai Super Kings
1136590,409,9,2018,Maharashtra Cricket Association Stadium,Chennai Super Kings,Delhi Daredevils
981019,408,14,2016,M Chinnaswamy Stadium,Sunrisers Hyderabad,Royal Challengers Bangalore
1175361,408,8,2019,Eden Gardens,Kolkata Knight Riders,Kings XI Punjab
419112,407,5,2010,M Chinnaswamy Stadium,Kings XI Punjab,Royal Challengers Bangalore
1473472,407,11,2025,"Narendra Modi Stadium, Ahmedabad",Delhi Capitals,Gujarat Titans
1136565,407,11,2018,MA Chidambaram Stadium,Kolkata Knight Riders,Chennai Super Kings
1426283,406,4,2024,"Narendra Modi Stadium, Ahmedabad",Gujarat Titans,Royal Challengers Bengaluru
1082610,405,9,2017,Saurashtra Cricket Association Stadium,Royal Challengers Bangalore,Gujarat Lions
1529301,405,12,2026,"Himachal Pradesh Cricket Association Stadium, Dharamsala",Punjab Kings,Mumbai Indians
419139,404,5,2010,Eden Gardens,Kolkata Knight Riders,Kings XI Punjab
1473498,404,3,2025,"Arun Jaitley Stadium, Delhi",Delhi Capitals,Gujarat Titans
1527674,404,13,2026,"M Chinnaswamy Stadium, Bengaluru",Sunrisers Hyderabad,Royal Challengers Bengaluru
1370352,404,13,2023,"Narendra Modi Stadium, Ahmedabad",Gujarat Titans,Mumbai Indians
1527689,403,12,2026,"Barsapara Cricket Stadium, Guwahati",Royal Challengers Bengaluru,Rajasthan Royals
1216547,402,8,2020,Dubai International Cricket Stadium,Royal Challengers Bangalore,Mumbai Indians
1527691,401,12,2026,"MA Chidambaram Stadium, Chepauk, Chennai",Chennai Super Kings,Delhi Capitals
1359515,401,10,2023,"MA Chidambaram Stadium, Chepauk, Chennai",Chennai Super Kings,Punjab Kings
1426288,401,10,2024,"Rajiv Gandhi International Stadium, Uppal, Hyderabad",Sunrisers Hyderabad,Rajasthan Royals
1359543,401,7,2023,"Wankhede Stadium, Mumbai",Sunrisers Hyderabad,Mumbai Indians
336019,401,10,2008,"Punjab Cricket Association Stadium, Mohali",Kings XI Punjab,Rajasthan Royals
829737,400,14,2015,M Chinnaswamy Stadium,Mumbai Indians,Royal Challengers Bangalore
1312198,400,10,2022,"Eden Gardens, Kolkata",Royal Challengers Bangalore,Lucknow Super Giants
1473479,399,14,2025,"M Chinnaswamy Stadium, Bengaluru",Royal Challengers Bengaluru,Rajasthan Royals
1359528,399,10,2023,"Wankhede Stadium, Mumbai",Royal Challengers Bangalore,Mumbai Indians
1175363,399,7,2019,Rajiv Gandhi International Stadium,Rajasthan Royals,Sunrisers Hyderabad
734049,399,11,2014,M Chinnaswamy Stadium,Kings XI Punjab,Kolkata Knight Riders
1422135,399,11,2024,"Narendra Modi Stadium, Ahmedabad",Gujarat Titans,Punjab Kings
1359525,398,9,2023,"Narendra Modi Stadium, Ahmedabad",Gujarat Titans,Lucknow Super Giants
1473466,398,15,2025,"Arun Jaitley Stadium, Delhi",Mumbai Indians,Delhi Capitals
1426302,397,13,2024,"Arun Jaitley Stadium, Delhi",Delhi Capitals,Lucknow Super Giants
1082612,397,6,2017,Holkar Cricket Stadium,Kings XI Punjab,Mumbai Indians
1529311,396,9,2026,"Bharat Ratna Shri Atal Bihari Vajpayee Ekana Cricket Stadium, Lucknow",Lucknow Super Giants,Punjab Kings
598027,396,14,2013,M Chinnaswamy Stadium,Royal Challengers Bangalore,Pune Warriors
1426282,395,8,2024,"Bharat Ratna Shri Atal Bihari Vajpayee Ekana Cricket Stadium, Lucknow",Lucknow Super Giants,Rajasthan Royals
1178399,395,11,2019,Wankhede Stadium,Kings XI Punjab,Mumbai Indians
1426263,395,11,2024,"Wankhede Stadium, Mumbai",Royal Challengers Bengaluru,Mumbai Indians
829787,395,11,2015,Brabourne Stadium,Sunrisers Hyderabad,Rajasthan Royals
1426262,395,10,2024,"Sawai Mansingh Stadium, Jaipur",Rajasthan Royals,Gujarat Titans
1359544,395,9,2023,"M Chinnaswamy Stadium, Bengaluru",Royal Challengers Bangalore,Gujarat Titans
1473485,394,18,2025,"Arun Jaitley Stadium, Delhi",Kolkata Knight Riders,Delhi Capitals
1473453,394,13,2025,"Bharat Ratna Shri Atal Bihari Vajpayee Ekana Cricket Stadium, Lucknow",Lucknow Super Giants,Mumbai Indians
1304086,394,11,2022,"Wankhede Stadium, Mumbai",Sunrisers Hyderabad,Gujarat Titans
1304096,393,11,2022,"Brabourne Stadium, Mumbai",Delhi Capitals,Sunrisers Hyderabad
548326,393,7,2012,Sawai Mansingh Stadium,Deccan Chargers,Rajasthan Royals
1254068,393,8,2021,"Wankhede Stadium, Mumbai",Punjab Kings,Delhi Capitals
1529267,393,9,2026,"Wankhede Stadium, Mumbai",Mumbai Indians,Punjab Kings
1082640,392,13,2017,Green Park,Gujarat Lions,Delhi Daredevils
1426267,392,10,2024,"Wankhede Stadium, Mumbai",Chennai Super Kings,Mumbai Indians
1304092,391,8,2022,"Maharashtra Cricket Association Stadium, Pune",Chennai Super Kings,Sunrisers Hyderabad
980949,391,10,2016,Maharashtra Cricket Association Stadium,Rising Pune Supergiants,Gujarat Lions
1216541,391,7,2020,Sheikh Zayed Stadium,Mumbai Indians,Rajasthan Royals
1136572,390,12,2018,Punjab Cricket Association IS Bindra Stadium,Kings XI Punjab,Chennai Super Kings
1529305,390,13,2026,"Arun Jaitley Stadium, Delhi",Rajasthan Royals,Delhi Capitals
829811,389,15,2015,Brabourne Stadium,Rajasthan Royals,Kolkata Knight Riders
1175358,389,15,2019,Wankhede Stadium,Delhi Capitals,Mumbai Indians
1359482,389,12,2023,"Barsapara Cricket Stadium, Guwahati",Punjab Kings,Rajasthan Royals
1136569,389,10,2018,Wankhede Stadium,Mumbai Indians,Delhi Daredevils
1082623,388,12,2017,"Punjab Cricket Association IS Bindra Stadium, Mohali",Sunrisers Hyderabad,Kings XI Punjab
1178417,387,11,2019,M.Chinnaswamy Stadium,Royal Challengers Bangalore,Kings XI Punjab
419159,387,7,2010,Himachal Pradesh Cricket Association Stadium,Kings XI Punjab,Chennai Super Kings
1527679,387,18,2026,"Eden Gardens, Kolkata",Sunrisers Hyderabad,Kolkata Knight Riders
598034,386,7,2013,"MA Chidambaram Stadium, Chepauk",Chennai Super Kings,Kolkata Knight Riders
1529300,386,8,2026,"Shaheed Veer Narayan Singh International Stadium, Raipur",Kolkata Knight Riders,Royal Challengers Bengaluru
1304065,386,15,2022,"Brabourne Stadium, Mumbai",Delhi Capitals,Kolkata Knight Riders
980969,386,9,2016,M Chinnaswamy Stadium,Rising Pune Supergiants,Royal Challengers Bangalore
1359514,385,12,2023,"Arun Jaitley Stadium, Delhi",Sunrisers Hyderabad,Delhi Capitals
1370353,385,9,2023,"Narendra Modi Stadium, Ahmedabad",Gujarat Titans,Chennai Super Kings
336014,385,11,2008,"Rajiv Gandhi International Stadium, Uppal",Kolkata Knight Riders,Deccan Chargers
1254085,385,11,2021,"Arun Jaitley Stadium, Delhi",Rajasthan Royals,Sunrisers Hyderabad
598064,384,7,2013,"Punjab Cricket Association Stadium, Mohali",Royal Challengers Bangalore,Kings XI Punjab
1178415,384,10,2019,Sawai Mansingh Stadium,Rajasthan Royals,Delhi Capitals
734041,384,9,2014,Wankhede Stadium,Rajasthan Royals,Mumbai Indians
729291,384,8,2014,Sharjah Cricket Stadium,Rajasthan Royals,Kings XI Punjab
1473486,384,16,2025,"MA Chidambaram Stadium, Chepauk, Chennai",Chennai Super Kings,Punjab Kings
1304091,384,10,2022,"Wankhede Stadium, Mumbai",Lucknow Super Giants,Delhi Capitals
1304069,384,14,2022,"Maharashtra Cricket Association Stadium, Pune",Punjab Kings,Mumbai Indians
548366,384,10,2012,"Punjab Cricket Association Stadium, Mohali",Deccan Chargers,Kings XI Punjab
1136586,383,13,2018,Arun Jaitley Stadium,Delhi Daredevils,Kolkata Knight Riders
980921,383,8,2016,M Chinnaswamy Stadium,Royal Challengers Bangalore,Delhi Daredevils
1473444,383,14,2025,"Rajiv Gandhi International Stadium, Uppal, Hyderabad",Sunrisers Hyderabad,Lucknow Super Giants
1304111,383,13,2022,"Wankhede Stadium, Mumbai",Sunrisers Hyderabad,Mumbai Indians
548381,382,8,2012,"MA Chidambaram Stadium, Chepauk",Chennai Super Kings,Kolkata Knight Riders
829741,382,12,2015,"Sardar Patel Stadium, Motera",Rajasthan Royals,Kings XI Punjab
1216538,382,12,2020,Sharjah Cricket Stadium,Mumbai Indians,Sunrisers Hyderabad
1529295,381,14,2026,"Sawai Mansingh Stadium, Jaipur",Gujarat Titans,Rajasthan Royals
1082637,381,7,2017,"Punjab Cricket Association IS Bindra Stadium, Mohali",Kings XI Punjab,Gujarat Lions
501206,381,8,2011,"Punjab Cricket Association Stadium, Mohali",Chennai Super Kings,Kings XI Punjab
733999,381,10,2014,M Chinnaswamy Stadium,Royal Challengers Bangalore,Rajasthan Royals
1136574,380,14,2018,Wankhede Stadium,Mumbai Indians,Royal Challengers Bangalore
1304072,380,13,2022,"Brabourne Stadium, Mumbai",Lucknow Super Giants,Mumbai Indians
1529312,380,17,2026,"Wankhede Stadium, Mumbai",Rajasthan Royals,Mumbai Indians
548329,380,5,2012,"Rajiv Gandhi International Stadium, Uppal",Deccan Chargers,Delhi Daredevils
1254089,379,7,2021,"Zayed Cricket Stadium, Abu Dhabi",Chennai Super Kings,Rajasthan Royals
1178423,379,14,2019,Rajiv Gandhi International Stadium,Sunrisers Hyderabad,Kings XI Punjab
1082591,379,14,2017,"Rajiv Gandhi International Stadium, Uppal",Sunrisers Hyderabad,Royal Challengers Bangalore
1304062,379,13,2022,"Brabourne Stadium, Mumbai",Punjab Kings,Gujarat Titans
1304098,379,9,2022,"Wankhede Stadium, Mumbai",Punjab Kings,Rajasthan Royals
1359510,379,13,2023,"M Chinnaswamy Stadium, Bengaluru",Kolkata Knight Riders,Royal Challengers Bangalore
1312197,379,9,2022,"Eden Gardens, Kolkata",Rajasthan Royals,Gujarat Titans
1136602,378,6,2018,Arun Jaitley Stadium,Delhi Daredevils,Sunrisers Hyderabad
1529270,378,17,2026,"Rajiv Gandhi International Stadium, Uppal, Hyderabad",Sunrisers Hyderabad,Chennai Super Kings
1254059,378,10,2021,"Wankhede Stadium, Mumbai",Chennai Super Kings,Delhi Capitals
501213,377,12,2011,Dr DY Patil Sports Academy,Pune Warriors,Delhi Daredevils
1473504,377,15,2025,"Narendra Modi Stadium, Ahmedabad",Chennai Super Kings,Gujarat Titans
1422129,377,13,2024,"Bharat Ratna Shri Atal Bihari Vajpayee Ekana Cricket Stadium, Lucknow",Lucknow Super Giants,Punjab Kings
1426279,377,15,2024,"Rajiv Gandhi International Stadium, Uppal, Hyderabad",Royal Challengers Bengaluru,Sunrisers Hyderabad
336028,377,14,2008,Wankhede Stadium,Kings XI Punjab,Mumbai Indians
392231,377,6,2009,SuperSport Park,Chennai Super Kings,Kolkata Knight Riders
548342,377,14,2012,Feroz Shah Kotla,Delhi Daredevils,Mumbai Indians
1359540,376,11,2023,"Himachal Pradesh Cricket Association Stadium, Dharamsala",Punjab Kings,Rajasthan Royals
1473460,376,16,2025,"Narendra Modi Stadium, Ahmedabad",Gujarat Titans,Rajasthan Royals
336020,376,13,2008,Feroz Shah Kotla,Delhi Daredevils,Deccan Chargers
1473482,376,17,2025,"Wankhede Stadium, Mumbai",Mumbai Indians,Lucknow Super Giants
1473469,376,10,2025,"Arun Jaitley Stadium, Delhi",Delhi Capitals,Rajasthan Royals
1529302,375,8,2026,"Bharat Ratna Shri Atal Bihari Vajpayee Ekana Cricket Stadium, Lucknow",Chennai Super Kings,Lucknow Super Giants
1178402,375,11,2019,Wankhede Stadium,Mumbai Indians,Rajasthan Royals
980909,375,9,2016,Eden Gardens,Kolkata Knight Riders,Mumbai Indians
1473500,375,12,2025,"Arun Jaitley Stadium, Delhi",Chennai Super Kings,Rajasthan Royals
1529264,375,16,2026,"Rajiv Gandhi International Stadium, Uppal, Hyderabad",Sunrisers Hyderabad,Rajasthan Royals
1082613,375,11,2017,Eden Gardens,Kolkata Knight Riders,Gujarat Lions
419116,375,11,2010,Feroz Shah Kotla,Delhi Daredevils,Chennai Super Kings
336009,375,11,2008,Feroz Shah Kotla,Delhi Daredevils,Chennai Super Kings
1426271,375,17,2024,"Maharaja Yadavindra Singh International Cricket Stadium, Mullanpur",Mumbai Indians,Punjab Kings
1473511,374,16,2025,"Narendra Modi Stadium, Ahmedabad",Royal Challengers Bengaluru,Punjab Kings
1082630,374,7,2017,Feroz Shah Kotla,Sunrisers Hyderabad,Delhi Daredevils
734029,374,7,2014,JSCA International Stadium Complex,Chennai Super Kings,Sunrisers Hyderabad
980959,374,12,2016,M Chinnaswamy Stadium,Royal Challengers Bangalore,Kolkata Knight Riders
598006,374,14,2013,Wankhede Stadium,Mumbai Indians,Delhi Daredevils
980953,373,11,2016,"Rajiv Gandhi International Stadium, Uppal",Sunrisers Hyderabad,Royal Challengers Bangalore
1359539,373,7,2023,"Rajiv Gandhi International Stadium, Uppal, Hyderabad",Sunrisers Hyderabad,Royal Challengers Bangalore
829711,373,10,2015,"MA Chidambaram Stadium, Chepauk",Chennai Super Kings,Sunrisers Hyderabad
1359511,372,11,2023,"Sawai Mansingh Stadium, Jaipur",Rajasthan Royals,Chennai Super Kings
1426292,372,16,2024,"Bharat Ratna Shri Atal Bihari Vajpayee Ekana Cricket Stadium, Lucknow",Kolkata Knight Riders,Lucknow Super Giants
1422137,372,7,2024,"Sawai Mansingh Stadium, Jaipur",Royal Challengers Bengaluru,Rajasthan Royals
335998,372,10,2008,Feroz Shah Kotla,Delhi Daredevils,Royal Challengers Bangalore
829729,372,11,2015,Wankhede Stadium,Mumbai Indians,Chennai Super Kings
1082592,371,11,2017,Maharashtra Cricket Association Stadium,Mumbai Indians,Rising Pune Supergiant
598025,371,7,2013,"Punjab Cricket Association Stadium, Mohali",Pune Warriors,Kings XI Punjab
1216537,371,7,2020,Sheikh Zayed Stadium,Kings XI Punjab,Rajasthan Royals
598026,371,9,2013,"MA Chidambaram Stadium, Chepauk",Rajasthan Royals,Chennai Super Kings
1473506,371,10,2025,"Sawai Mansingh Stadium, Jaipur",Mumbai Indians,Punjab Kings
1136576,371,8,2018,Punjab Cricket Association IS Bindra Stadium,Kings XI Punjab,Sunrisers Hyderabad
1359496,371,11,2023,"Wankhede Stadium, Mumbai",Kolkata Knight Riders,Mumbai Indians
1359506,371,15,2023,"M Chinnaswamy Stadium, Bengaluru",Royal Challengers Bangalore,Rajasthan Royals
829715,370,10,2015,Feroz Shah Kotla,Delhi Daredevils,Rajasthan Royals
1359499,370,15,2023,"Rajiv Gandhi International Stadium, Uppal, Hyderabad",Mumbai Indians,Sunrisers Hyderabad
1082627,370,10,2017,"Rajiv Gandhi International Stadium, Uppal",Sunrisers Hyderabad,Kolkata Knight Riders
419145,370,9,2010,M Chinnaswamy Stadium,Royal Challengers Bangalore,Deccan Chargers
1254067,370,12,2021,"MA Chidambaram Stadium, Chepauk, Chennai",Royal Challengers Bangalore,Kolkata Knight Riders
1175365,370,14,2019,Arun Jaitley Stadium,Kolkata Knight Riders,Delhi Capitals
1529309,369,14,2026,"Narendra Modi Stadium, Ahmedabad",Gujarat Titans,Chennai Super Kings
598051,369,11,2013,"Rajiv Gandhi International Stadium, Uppal",Chennai Super Kings,Sunrisers Hyderabad
980995,369,6,2016,Eden Gardens,Kolkata Knight Riders,Royal Challengers Bangalore
1136610,369,13,2018,Wankhede Stadium,Mumbai Indians,Kings XI Punjab
1359541,369,12,2023,"Arun Jaitley Stadium, Delhi",Chennai Super Kings,Delhi Capitals
392189,369,14,2009,Kingsmead,Delhi Daredevils,Chennai Super Kings
1175362,368,13,2019,M.Chinnaswamy Stadium,Mumbai Indians,Royal Challengers Bangalore
1178427,368,9,2019,Punjab Cricket Association IS Bindra Stadium,Kings XI Punjab,Kolkata Knight Riders
1422128,368,9,2024,"M Chinnaswamy Stadium, Bengaluru",Royal Challengers Bengaluru,Kolkata Knight Riders
1254111,368,14,2021,Dubai International Cricket Stadium,Rajasthan Royals,Punjab Kings
1136605,368,9,2018,Arun Jaitley Stadium,Delhi Daredevils,Royal Challengers Bangalore
1359524,368,7,2023,"Arun Jaitley Stadium, Delhi",Royal Challengers Bangalore,Delhi Capitals
548327,368,10,2012,M Chinnaswamy Stadium,Pune Warriors,Royal Challengers Bangalore
548317,367,16,2012,Wankhede Stadium,Mumbai Indians,Rajasthan Royals
1082611,367,9,2017,"Rajiv Gandhi International Stadium, Uppal",Sunrisers Hyderabad,Delhi Daredevils
1359532,367,9,2023,"Rajiv Gandhi International Stadium, Uppal, Hyderabad",Sunrisers Hyderabad,Lucknow Super Giants
829791,367,14,2015,Eden Gardens,Kings XI Punjab,Kolkata Knight Riders
1082593,367,4,2017,Saurashtra Cricket Association Stadium,Gujarat Lions,Kolkata Knight Riders
1422122,366,10,2024,"Sawai Mansingh Stadium, Jaipur",Rajasthan Royals,Lucknow Super Giants
1473463,366,10,2025,"Bharat Ratna Shri Atal Bihari Vajpayee Ekana Cricket Stadium, Lucknow",Gujarat Titans,Lucknow Super Giants
548356,366,7,2012,M Chinnaswamy Stadium,Deccan Chargers,Royal Challengers Bangalore
1529313,366,15,2026,"Eden Gardens, Kolkata",Delhi Capitals,Kolkata Knight Riders
501210,366,4,2011,Wankhede Stadium,Mumbai Indians,Kochi Tuskers Kerala
829769,366,12,2015,Wankhede Stadium,Mumbai Indians,Rajasthan Royals
1082620,366,8,2017,Maharashtra Cricket Association Stadium,Rising Pune Supergiant,Kolkata Knight Riders
419136,365,9,2010,"Punjab Cricket Association Stadium, Mohali",Kings XI Punjab,Royal Challengers Bangalore
829799,365,12,2015,"Rajiv Gandhi International Stadium, Uppal",Sunrisers Hyderabad,Kings XI Punjab
729301,364,5,2014,Dubai International Cricket Stadium,Sunrisers Hyderabad,Delhi Daredevils
733991,364,17,2014,M Chinnaswamy Stadium,Kings XI Punjab,Royal Challengers Bangalore
548333,364,10,2012,Feroz Shah Kotla,Pune Warriors,Delhi Daredevils
1216509,364,9,2020,Sharjah Cricket Stadium,Chennai Super Kings,Delhi Capitals
1254060,364,11,2021,"MA Chidambaram Stadium, Chepauk, Chennai",Kolkata Knight Riders,Sunrisers Hyderabad
1304106,364,18,2022,"Brabourne Stadium, Mumbai",Punjab Kings,Royal Challengers Bangalore
1175357,364,7,2019,Eden Gardens,Sunrisers Hyderabad,Kolkata Knight Riders
829777,364,9,2015,Brabourne Stadium,Rajasthan Royals,Delhi Daredevils
1304084,363,10,2022,"Wankhede Stadium, Mumbai",Punjab Kings,Chennai Super Kings
1527688,363,11,2026,"Eden Gardens, Kolkata",Kolkata Knight Riders,Lucknow Super Giants
829823,363,13,2015,Eden Gardens,Mumbai Indians,Chennai Super Kings
1304055,363,16,2022,"Dr DY Patil Sports Academy, Mumbai",Rajasthan Royals,Mumbai Indians
1473494,362,14,2025,"Eden Gardens, Kolkata",Kolkata Knight Riders,Chennai Super Kings
598060,362,7,2013,Wankhede Stadium,Sunrisers Hyderabad,Mumbai Indians
980937,362,6,2016,Saurashtra Cricket Association Stadium,Royal Challengers Bangalore,Gujarat Lions
598054,362,11,2013,Feroz Shah Kotla,Royal Challengers Bangalore,Delhi Daredevils
1422131,362,11,2024,"Dr. Y.S. Rajasekhara Reddy ACA-VDCA Cricket Stadium, Visakhapatnam",Delhi Capitals,Chennai Super Kings
1426261,362,15,2024,"Maharaja Yadavindra Singh International Cricket Stadium, Mullanpur",Sunrisers Hyderabad,Punjab Kings
1426276,362,10,2024,"Sawai Mansingh Stadium, Jaipur",Mumbai Indians,Rajasthan Royals
829773,362,13,2015,"Rajiv Gandhi International Stadium, Uppal",Sunrisers Hyderabad,Chennai Super Kings
1304073,362,12,2022,"Wankhede Stadium, Mumbai",Royal Challengers Bangalore,Delhi Capitals
419125,361,7,2010,"Brabourne Stadium, Mumbai",Chennai Super Kings,Mumbai Indians
1529268,361,15,2026,"Narendra Modi Stadium, Ahmedabad",Kolkata Knight Riders,Gujarat Titans
1529306,361,12,2026,"MA Chidambaram Stadium, Chepauk, Chennai",Chennai Super Kings,Sunrisers Hyderabad
1237180,361,11,2020,Sheikh Zayed Stadium,Delhi Capitals,Sunrisers Hyderabad
1359527,361,12,2023,"Eden Gardens, Kolkata",Punjab Kings,Kolkata Knight Riders
1136580,360,9,2018,Rajiv Gandhi International Stadium,Chennai Super Kings,Sunrisers Hyderabad
598047,360,9,2013,Sawai Mansingh Stadium,Pune Warriors,Rajasthan Royals
1473455,360,13,2025,"Maharaja Yadavindra Singh International Cricket Stadium, Mullanpur",Rajasthan Royals,Punjab Kings
1359475,360,12,2023,"Narendra Modi Stadium, Ahmedabad",Chennai Super Kings,Gujarat Titans
734027,360,9,2014,Eden Gardens,Kolkata Knight Riders,Royal Challengers Bangalore
501254,359,11,2011,Holkar Cricket Stadium,Kochi Tuskers Kerala,Kings XI Punjab
548348,359,9,2012,Barabati Stadium,Deccan Chargers,Pune Warriors
1216513,359,4,2020,Dubai International Cricket Stadium,Kings XI Punjab,Chennai Super Kings
1359509,359,15,2023,"Narendra Modi Stadium, Ahmedabad",Gujarat Titans,Mumbai Indians
1359513,359,10,2023,"Eden Gardens, Kolkata",Kolkata Knight Riders,Gujarat Titans
733981,359,7,2014,Feroz Shah Kotla,Delhi Daredevils,Chennai Super Kings
1136606,359,6,2018,Maharashtra Cricket Association Stadium,Sunrisers Hyderabad,Chennai Super Kings
1136620,359,8,2018,Wankhede Stadium,Sunrisers Hyderabad,Chennai Super Kings
1304051,359,13,2022,"Maharashtra Cricket Association Stadium, Pune",Rajasthan Royals,Sunrisers Hyderabad
980991,359,7,2016,"Punjab Cricket Association IS Bindra Stadium, Mohali",Kings XI Punjab,Sunrisers Hyderabad
392214,359,6,2009,SuperSport Park,Chennai Super Kings,Kings XI Punjab
1082597,358,13,2017,Wankhede Stadium,Kolkata Knight Riders,Mumbai Indians
1422127,358,10,2024,"Sawai Mansingh Stadium, Jaipur",Rajasthan Royals,Delhi Capitals
1473448,358,15,2025,"Barsapara Cricket Stadium, Guwahati",Rajasthan Royals,Chennai Super Kings
1254073,358,9,2021,"Wankhede Stadium, Mumbai",Rajasthan Royals,Royal Challengers Bangalore
1473473,358,10,2025,"Sawai Mansingh Stadium, Jaipur",Lucknow Super Giants,Rajasthan Royals
548380,358,15,2012,"MA Chidambaram Stadium, Chepauk",Chennai Super Kings,Delhi Daredevils
1178421,358,12,2019,Arun Jaitley Stadium,Delhi Capitals,Royal Challengers Bangalore
1178401,358,10,2019,Eden Gardens,Kolkata Knight Riders,Delhi Capitals
1136593,357,9,2018,Eden Gardens,Chennai Super Kings,Kolkata Knight Riders
1254117,357,12,2021,Dubai International Cricket Stadium,Chennai Super Kings,Kolkata Knight Riders
1473476,357,11,2025,"Eden Gardens, Kolkata",Gujarat Titans,Kolkata Knight Riders
980931,357,12,2016,Maharashtra Cricket Association Stadium,Royal Challengers Bangalore,Rising Pune Supergiants
598042,357,12,2013,Subrata Roy Sahara Stadium,Royal Challengers Bangalore,Pune Warriors
598041,357,10,2013,"MA Chidambaram Stadium, Chepauk",Chennai Super Kings,Kings XI Punjab
1426272,356,8,2024,"Bharat Ratna Shri Atal Bihari Vajpayee Ekana Cricket Stadium, Lucknow",Chennai Super Kings,Lucknow Super Giants
1216522,356,9,2020,Dubai International Cricket Stadium,Rajasthan Royals,Royal Challengers Bangalore
829713,356,13,2015,Eden Gardens,Kolkata Knight Riders,Royal Challengers Bangalore
1304048,356,11,2022,"Brabourne Stadium, Mumbai",Mumbai Indians,Delhi Capitals
1473446,356,14,2025,"Narendra Modi Stadium, Ahmedabad",Gujarat Titans,Mumbai Indians
1359497,356,14,2023,"Narendra Modi Stadium, Ahmedabad",Gujarat Titans,Rajasthan Royals
734005,356,11,2014,M Chinnaswamy Stadium,Royal Challengers Bangalore,Delhi Daredevils
733983,355,13,2014,Wankhede Stadium,Mumbai Indians,Royal Challengers Bangalore
1082615,355,7,2017,Maharashtra Cricket Association Stadium,Sunrisers Hyderabad,Rising Pune Supergiant
336032,355,13,2008,Feroz Shah Kotla,Mumbai Indians,Delhi Daredevils
1175359,354,13,2019,Sawai Mansingh Stadium,Kings XI Punjab,Rajasthan Royals
1422124,354,12,2024,"M Chinnaswamy Stadium, Bengaluru",Punjab Kings,Royal Challengers Bengaluru
1529269,354,13,2026,"M Chinnaswamy Stadium, Bengaluru",Royal Challengers Bengaluru,Delhi Capitals
501243,354,11,2011,"Rajiv Gandhi International Stadium, Uppal",Deccan Chargers,Delhi Daredevils
501260,353,12,2011,Himachal Pradesh Cricket Association Stadium,Kings XI Punjab,Royal Challengers Bangalore
1136603,353,10,2018,Sawai Mansingh Stadium,Chennai Super Kings,Rajasthan Royals
1175364,353,9,2019,Punjab Cricket Association IS Bindra Stadium,Mumbai Indians,Kings XI Punjab
1473475,353,6,2025,"Wankhede Stadium, Mumbai",Chennai Super Kings,Mumbai Indians
1136563,353,13,2018,Eden Gardens,Royal Challengers Bangalore,Kolkata Knight Riders
336031,353,8,2008,"Punjab Cricket Association Stadium, Mohali",Deccan Chargers,Kings XI Punjab
1082606,353,8,2017,Wankhede Stadium,Gujarat Lions,Mumbai Indians
501267,353,12,2011,Eden Gardens,Kolkata Knight Riders,Mumbai Indians
980941,353,13,2016,"Punjab Cricket Association IS Bindra Stadium, Mohali",Mumbai Indians,Kings XI Punjab
980971,353,10,2016,"Punjab Cricket Association IS Bindra Stadium, Mohali",Kings XI Punjab,Delhi Daredevils
1178429,353,13,2019,M.Chinnaswamy Stadium,Sunrisers Hyderabad,Royal Challengers Bangalore
1529265,352,12,2026,"MA Chidambaram Stadium, Chepauk, Chennai",Chennai Super Kings,Kolkata Knight Riders
1216517,352,12,2020,Dubai International Cricket Stadium,Mumbai Indians,Kings XI Punjab
980987,352,13,2016,M Chinnaswamy Stadium,Royal Challengers Bangalore,Gujarat Lions
980947,352,9,2016,Wankhede Stadium,Kolkata Knight Riders,Mumbai Indians
1178407,352,13,2019,Punjab Cricket Association IS Bindra Stadium,Kings XI Punjab,Rajasthan Royals
1178418,352,13,2019,Eden Gardens,Kolkata Knight Riders,Rajasthan Royals
501268,352,8,2011,Wankhede Stadium,Royal Challengers Bangalore,Chennai Super Kings
419156,352,8,2010,Himachal Pradesh Cricket Association Stadium,Kings XI Punjab,Deccan Chargers
501271,352,13,2011,"MA Chidambaram Stadium, Chepauk",Chennai Super Kings,Royal Challengers Bangalore
1304071,351,11,2022,"Brabourne Stadium, Mumbai",Kolkata Knight Riders,Sunrisers Hyderabad
1136589,351,9,2018,M.Chinnaswamy Stadium,Royal Challengers Bangalore,Kolkata Knight Riders
1178416,351,7,2019,MA Chidambaram Stadium,Sunrisers Hyderabad,Chennai Super Kings
1422120,351,15,2024,"Maharaja Yadavindra Singh International Cricket Stadium, Mullanpur",Delhi Capitals,Punjab Kings
548309,351,13,2012,Sawai Mansingh Stadium,Rajasthan Royals,Kings XI Punjab
1359542,351,15,2023,"Eden Gardens, Kolkata",Lucknow Super Giants,Kolkata Knight Riders
1473438,351,11,2025,"Eden Gardens, Kolkata",Kolkata Knight Riders,Royal Challengers Bengaluru
1136594,350,10,2018,Holkar Cricket Stadium,Kings XI Punjab,Mumbai Indians
598045,350,8,2013,M Chinnaswamy Stadium,Royal Challengers Bangalore,Kings XI Punjab
1082616,350,14,2017,Saurashtra Cricket Association Stadium,Kings XI Punjab,Gujarat Lions
1136579,350,9,2018,M.Chinnaswamy Stadium,Delhi Daredevils,Royal Challengers Bangalore
1216536,350,9,2020,Dubai International Cricket Stadium,Kolkata Knight Riders,Chennai Super Kings
1216524,350,12,2020,Dubai International Cricket Stadium,Sunrisers Hyderabad,Delhi Capitals
1359537,349,9,2023,"Bharat Ratna Shri Atal Bihari Vajpayee Ekana Cricket Stadium, Lucknow",Lucknow Super Giants,Mumbai Indians
419110,349,13,2010,"MA Chidambaram Stadium, Chepauk",Deccan Chargers,Chennai Super Kings
1136597,349,10,2018,Wankhede Stadium,Mumbai Indians,Kolkata Knight Riders
1304097,349,11,2022,"Brabourne Stadium, Mumbai",Mumbai Indians,Gujarat Titans
1422119,349,10,2024,"MA Chidambaram Stadium, Chepauk, Chennai",Royal Challengers Bengaluru,Chennai Super Kings
1422125,349,14,2024,"MA Chidambaram Stadium, Chepauk, Chennai",Chennai Super Kings,Gujarat Titans
829817,349,16,2015,Wankhede Stadium,Mumbai Indians,Chennai Super Kings
980977,349,10,2016,"Punjab Cricket Association IS Bindra Stadium, Mohali",Royal Challengers Bangalore,Kings XI Punjab
392221,349,8,2009,SuperSport Park,Kolkata Knight Riders,Royal Challengers Bangalore
419128,349,13,2010,M Chinnaswamy Stadium,Delhi Daredevils,Royal Challengers Bangalore
336035,349,13,2008,Eden Gardens,Kings XI Punjab,Kolkata Knight Riders
734045,349,11,2014,Brabourne Stadium,Mumbai Indians,Chennai Super Kings
1473465,348,5,2025,"Sawai Mansingh Stadium, Jaipur",Rajasthan Royals,Royal Challengers Bengaluru
1216531,348,8,2020,Sharjah Cricket Stadium,Royal Challengers Bangalore,Kings XI Punjab
1473450,348,9,2025,"Bharat Ratna Shri Atal Bihari Vajpayee Ekana Cricket Stadium, Lucknow",Lucknow Super Giants,Punjab Kings
419144,348,11,2010,Eden Gardens,Kolkata Knight Riders,Delhi Daredevils
1426293,347,11,2024,"Wankhede Stadium, Mumbai",Sunrisers Hyderabad,Mumbai Indians
1178403,347,6,2019,Punjab Cricket Association IS Bindra Stadium,Kings XI Punjab,Royal Challengers Bangalore
548355,347,16,2012,Wankhede Stadium,Chennai Super Kings,Mumbai Indians
1359491,347,14,2023,"MA Chidambaram Stadium, Chepauk, Chennai",Rajasthan Royals,Chennai Super Kings
336000,347,17,2008,Sawai Mansingh Stadium,Rajasthan Royals,Kolkata Knight Riders
336003,347,12,2008,"Punjab Cricket Association Stadium, Mohali",Kings XI Punjab,Kolkata Knight Riders
1304070,347,13,2022,"Dr DY Patil Sports Academy, Mumbai",Gujarat Titans,Rajasthan Royals
501222,346,6,2011,Eden Gardens,Kolkata Knight Riders,Royal Challengers Bangalore
1426284,346,13,2024,"MA Chidambaram Stadium, Chepauk, Chennai",Chennai Super Kings,Sunrisers Hyderabad
1426310,346,14,2024,"Narendra Modi Stadium, Ahmedabad",Royal Challengers Bengaluru,Rajasthan Royals
1359490,345,14,2023,"Arun Jaitley Stadium, Delhi",Delhi Capitals,Mumbai Indians
981007,345,12,2016,Green Park,Mumbai Indians,Gujarat Lions
981005,345,13,2016,Dr. Y.S. Rajasekhara Reddy ACA-VDCA Cricket Stadium,Kings XI Punjab,Rising Pune Supergiants
980951,345,18,2016,Feroz Shah Kotla,Delhi Daredevils,Kolkata Knight Riders
1136614,345,14,2018,Rajiv Gandhi International Stadium,Sunrisers Hyderabad,Kolkata Knight Riders
1254114,345,11,2021,Dubai International Cricket Stadium,Delhi Capitals,Chennai Super Kings
501211,345,12,2011,"MA Chidambaram Stadium, Chepauk",Chennai Super Kings,Royal Challengers Bangalore
1254080,344,6,2021,"Arun Jaitley Stadium, Delhi",Sunrisers Hyderabad,Chennai Super Kings
548367,344,11,2012,M Chinnaswamy Stadium,Royal Challengers Bangalore,Mumbai Indians
1304077,344,14,2022,"Dr DY Patil Sports Academy, Mumbai",Royal Challengers Bangalore,Lucknow Super Giants
598036,344,12,2013,Sawai Mansingh Stadium,Royal Challengers Bangalore,Rajasthan Royals
598037,344,13,2013,Wankhede Stadium,Mumbai Indians,Kings XI Punjab
336013,344,13,2008,"MA Chidambaram Stadium, Chepauk",Chennai Super Kings,Kings XI Punjab
1136577,344,15,2018,Maharashtra Cricket Association Stadium,Chennai Super Kings,Rajasthan Royals
392188,344,14,2009,Newlands,Deccan Chargers,Royal Challengers Bangalore
1304089,344,10,2022,"Brabourne Stadium, Mumbai",Royal Challengers Bangalore,Gujarat Titans
392210,344,12,2009,Kingsmead,Rajasthan Royals,Kings XI Punjab
1175366,344,12,2019,Rajiv Gandhi International Stadium,Sunrisers Hyderabad,Royal Challengers Bangalore
1178430,343,9,2019,Punjab Cricket Association IS Bindra Stadium,Chennai Super Kings,Kings XI Punjab
1254081,343,7,2021,"Arun Jaitley Stadium, Delhi",Rajasthan Royals,Mumbai Indians
1178406,343,12,2019,Wankhede Stadium,Royal Challengers Bangalore,Mumbai Indians
1254098,343,14,2021,"Zayed Cricket Stadium, Abu Dhabi",Kolkata Knight Riders,Chennai Super Kings
1237177,343,13,2020,Dubai International Cricket Stadium,Mumbai Indians,Delhi Capitals
980945,343,11,2016,Feroz Shah Kotla,Gujarat Lions,Delhi Daredevils
1082603,343,11,2017,Saurashtra Cricket Association Stadium,Rising Pune Supergiant,Gujarat Lions
335996,343,15,2008,M Chinnaswamy Stadium,Chennai Super Kings,Royal Challengers Bangalore
1359479,343,9,2023,"M Chinnaswamy Stadium, Bengaluru",Mumbai Indians,Royal Challengers Bangalore
829747,343,13,2015,Feroz Shah Kotla,Delhi Daredevils,Mumbai Indians
1359536,342,18,2023,"Narendra Modi Stadium, Ahmedabad",Gujarat Titans,Sunrisers Hyderabad
501220,342,14,2011,"Punjab Cricket Association Stadium, Mohali",Kings XI Punjab,Rajasthan Royals
1136592,342,11,2018,Arun Jaitley Stadium,Delhi Daredevils,Rajasthan Royals
1175367,342,13,2019,MA Chidambaram Stadium,Chennai Super Kings,Rajasthan Royals
1473445,342,15,2025,"MA Chidambaram Stadium, Chepauk, Chennai",Royal Challengers Bengaluru,Chennai Super Kings
734033,342,12,2014,"Punjab Cricket Association Stadium, Mohali",Kings XI Punjab,Rajasthan Royals
1304059,342,9,2022,"Wankhede Stadium, Mumbai",Rajasthan Royals,Royal Challengers Bangalore
1359485,341,13,2023,"Barsapara Cricket Stadium, Guwahati",Rajasthan Royals,Delhi Capitals
336001,341,8,2008,"MA Chidambaram Stadium, Chepauk",Chennai Super Kings,Delhi Daredevils
1473454,341,11,2025,"MA Chidambaram Stadium, Chepauk, Chennai",Delhi Capitals,Chennai Super Kings
1254079,341,9,2021,"Narendra Modi Stadium, Ahmedabad",Royal Challengers Bangalore,Delhi Capitals
392191,341,12,2009,Kingsmead,Royal Challengers Bangalore,Kings XI Punjab
980927,341,11,2016,Wankhede Stadium,Royal Challengers Bangalore,Mumbai Indians
1216508,341,14,2020,Sheikh Zayed Stadium,Mumbai Indians,Kolkata Knight Riders
1082601,341,11,2017,Eden Gardens,Kings XI Punjab,Kolkata Knight Riders
734011,340,15,2014,"Sardar Patel Stadium, Motera",Rajasthan Royals,Delhi Daredevils
1473451,339,10,2025,"M Chinnaswamy Stadium, Bengaluru",Royal Challengers Bengaluru,Gujarat Titans
1136587,339,7,2018,Maharashtra Cricket Association Stadium,Chennai Super Kings,Mumbai Indians
548339,339,9,2012,"Punjab Cricket Association Stadium, Mohali",Kings XI Punjab,Mumbai Indians
1304075,339,12,2022,"Maharashtra Cricket Association Stadium, Pune",Chennai Super Kings,Gujarat Titans
1136607,339,9,2018,Wankhede Stadium,Mumbai Indians,Rajasthan Royals
733973,338,10,2014,Wankhede Stadium,Kings XI Punjab,Mumbai Indians
419114,338,16,2010,Feroz Shah Kotla,Mumbai Indians,Delhi Daredevils
829719,338,12,2015,M Chinnaswamy Stadium,Royal Challengers Bangalore,Sunrisers Hyderabad
829705,338,6,2015,Eden Gardens,Mumbai Indians,Kolkata Knight Riders
419135,338,11,2010,Eden Gardens,Kolkata Knight Riders,Deccan Chargers
1304113,338,7,2022,"Wankhede Stadium, Mumbai",Gujarat Titans,Royal Challengers Bangalore
829805,337,11,2015,Wankhede Stadium,Mumbai Indians,Kolkata Knight Riders
1426264,337,11,2024,"Bharat Ratna Shri Atal Bihari Vajpayee Ekana Cricket Stadium, Lucknow",Lucknow Super Giants,Delhi Capitals
1082608,337,13,2017,Feroz Shah Kotla,Delhi Daredevils,Kolkata Knight Riders
1082644,337,13,2017,Eden Gardens,Mumbai Indians,Kolkata Knight Riders
392216,337,12,2009,De Beers Diamond Oval,Deccan Chargers,Kings XI Punjab
548363,337,5,2012,Eden Gardens,Mumbai Indians,Kolkata Knight Riders
1359476,337,12,2023,"Punjab Cricket Association IS Bindra Stadium, Mohali, Chandigarh",Punjab Kings,Kolkata Knight Riders
419129,337,14,2010,"Sardar Patel Stadium, Motera",Rajasthan Royals,Chennai Super Kings
1359521,337,17,2023,"Rajiv Gandhi International Stadium, Uppal, Hyderabad",Kolkata Knight Riders,Sunrisers Hyderabad
1136615,337,14,2018,Arun Jaitley Stadium,Delhi Daredevils,Mumbai Indians
598070,336,11,2013,Feroz Shah Kotla,Chennai Super Kings,Mumbai Indians
548379,336,14,2012,M Chinnaswamy Stadium,Chennai Super Kings,Mumbai Indians
501232,336,10,2011,M Chinnaswamy Stadium,Royal Challengers Bangalore,Pune Warriors
336002,336,15,2008,"Rajiv Gandhi International Stadium, Uppal",Deccan Chargers,Royal Challengers Bangalore
829717,336,12,2015,Wankhede Stadium,Kings XI Punjab,Mumbai Indians
548341,336,11,2012,Subrata Roy Sahara Stadium,Deccan Chargers,Pune Warriors
1359477,336,15,2023,"Bharat Ratna Shri Atal Bihari Vajpayee Ekana Cricket Stadium, Lucknow",Lucknow Super Giants,Delhi Capitals
829745,335,16,2015,M Chinnaswamy Stadium,Chennai Super Kings,Royal Challengers Bangalore
419124,335,15,2010,"Punjab Cricket Association Stadium, Mohali",Rajasthan Royals,Kings XI Punjab
1136581,335,14,2018,Sawai Mansingh Stadium,Mumbai Indians,Rajasthan Royals
598028,335,11,2013,Himachal Pradesh Cricket Association Stadium,Kings XI Punjab,Delhi Daredevils
1216503,334,12,2020,Sheikh Zayed Stadium,Mumbai Indians,Kings XI Punjab
1473487,334,12,2025,"Sawai Mansingh Stadium, Jaipur",Mumbai Indians,Rajasthan Royals
1529288,334,13,2026,"Rajiv Gandhi International Stadium, Uppal, Hyderabad",Sunrisers Hyderabad,Kolkata Knight Riders
1359478,334,13,2023,"Rajiv Gandhi International Stadium, Uppal, Hyderabad",Rajasthan Royals,Sunrisers Hyderabad
598072,334,12,2013,Eden Gardens,Rajasthan Royals,Mumbai Indians
1473467,334,12,2025,"Bharat Ratna Shri Atal Bihari Vajpayee Ekana Cricket Stadium, Lucknow",Lucknow Super Giants,Chennai Super Kings
1136619,334,16,2018,Eden Gardens,Sunrisers Hyderabad,Kolkata Knight Riders
392223,334,17,2009,Kingsmead,Delhi Daredevils,Deccan Chargers
419117,334,16,2010,Barabati Stadium,Deccan Chargers,Kings XI Punjab
1136561,334,13,2018,Wankhede Stadium,Mumbai Indians,Chennai Super Kings
1422133,334,15,2024,"M Chinnaswamy Stadium, Bengaluru",Lucknow Super Giants,Royal Challengers Bengaluru
501253,334,10,2011,"MA Chidambaram Stadium, Chepauk",Chennai Super Kings,Delhi Daredevils
829725,334,12,2015,Maharashtra Cricket Association Stadium,Kings XI Punjab,Delhi Daredevils
392196,334,10,2009,Kingsmead,Chennai Super Kings,Deccan Chargers
829723,334,12,2015,Eden Gardens,Chennai Super Kings,Kolkata Knight Riders
335987,334,12,2008,Sawai Mansingh Stadium,Kings XI Punjab,Rajasthan Royals
548344,333,10,2012,Eden Gardens,Kolkata Knight Riders,Royal Challengers Bangalore
1254102,333,12,2021,Dubai International Cricket Stadium,Kolkata Knight Riders,Punjab Kings
1136562,333,11,2018,Punjab Cricket Association IS Bindra Stadium,Delhi Daredevils,Kings XI Punjab
419162,333,14,2010,Dr DY Patil Sports Academy,Mumbai Indians,Royal Challengers Bangalore
1216542,333,16,2020,Dubai International Cricket Stadium,Sunrisers Hyderabad,Kings XI Punjab
1216519,333,13,2020,Dubai International Cricket Stadium,Delhi Capitals,Royal Challengers Bangalore
1254086,333,9,2021,"Narendra Modi Stadium, Ahmedabad",Punjab Kings,Delhi Capitals
1529297,333,15,2026,"Shaheed Veer Narayan Singh International Stadium, Raipur",Mumbai Indians,Royal Challengers Bengaluru
598061,333,11,2013,JSCA International Stadium Complex,Pune Warriors,Kolkata Knight Riders
729289,333,11,2014,Dubai International Cricket Stadium,Kolkata Knight Riders,Delhi Daredevils
1304095,333,16,2022,"Maharashtra Cricket Association Stadium, Pune",Royal Challengers Bangalore,Chennai Super Kings
419120,332,15,2010,Barabati Stadium,Deccan Chargers,Delhi Daredevils
1473461,332,11,2025,"M Chinnaswamy Stadium, Bengaluru",Royal Challengers Bengaluru,Delhi Capitals
980993,332,14,2016,Dr. Y.S. Rajasekhara Reddy ACA-VDCA Cricket Stadium,Mumbai Indians,Delhi Daredevils
1304109,332,14,2022,"Brabourne Stadium, Mumbai",Rajasthan Royals,Lucknow Super Giants
548336,332,10,2012,Sawai Mansingh Stadium,Royal Challengers Bangalore,Rajasthan Royals
1426295,332,4,2024,"Rajiv Gandhi International Stadium, Uppal, Hyderabad",Lucknow Super Giants,Sunrisers Hyderabad
734031,331,14,2014,Wankhede Stadium,Mumbai Indians,Delhi Daredevils
501212,331,10,2011,"Rajiv Gandhi International Stadium, Uppal",Deccan Chargers,Kings XI Punjab
980999,331,12,2016,M Chinnaswamy Stadium,Royal Challengers Bangalore,Kings XI Punjab
392235,331,14,2009,SuperSport Park,Mumbai Indians,Delhi Daredevils
335999,331,11,2008,"Rajiv Gandhi International Stadium, Uppal",Deccan Chargers,Kings XI Punjab
1422136,331,9,2024,"Rajiv Gandhi International Stadium, Uppal, Hyderabad",Chennai Super Kings,Sunrisers Hyderabad
335985,331,12,2008,Wankhede Stadium,Mumbai Indians,Royal Challengers Bangalore
734017,331,11,2014,"Sardar Patel Stadium, Motera",Mumbai Indians,Rajasthan Royals
598012,331,12,2013,"MA Chidambaram Stadium, Chepauk",Royal Challengers Bangalore,Chennai Super Kings
336024,331,14,2008,"Rajiv Gandhi International Stadium, Uppal",Mumbai Indians,Deccan Chargers
419140,331,14,2010,Feroz Shah Kotla,Delhi Daredevils,Royal Challengers Bangalore
1216546,331,10,2020,Dubai International Cricket Stadium,Delhi Capitals,Kings XI Punjab
548324,331,12,2012,M Chinnaswamy Stadium,Rajasthan Royals,Royal Challengers Bangalore
1254069,331,18,2021,"Wankhede Stadium, Mumbai",Chennai Super Kings,Rajasthan Royals
1254100,331,8,2021,Dubai International Cricket Stadium,Rajasthan Royals,Sunrisers Hyderabad
1422130,330,11,2024,"Narendra Modi Stadium, Ahmedabad",Sunrisers Hyderabad,Gujarat Titans
1254101,330,8,2021,Dubai International Cricket Stadium,Delhi Capitals,Royal Challengers Bangalore
1422123,330,15,2024,"Narendra Modi Stadium, Ahmedabad",Gujarat Titans,Mumbai Indians
733979,330,12,2014,"Sardar Patel Stadium, Motera",Rajasthan Royals,Kolkata Knight Riders
1216499,330,11,2020,Sheikh Zayed Stadium,Royal Challengers Bangalore,Mumbai Indians
598033,330,14,2013,Wankhede Stadium,Mumbai Indians,Royal Challengers Bangalore
829731,330,12,2015,Dr. Y.S. Rajasekhara Reddy ACA-VDCA Cricket Stadium,Delhi Daredevils,Sunrisers Hyderabad
1529289,330,15,2026,"Narendra Modi Stadium, Ahmedabad",Punjab Kings,Gujarat Titans
1304067,330,10,2022,"Dr DY Patil Sports Academy, Mumbai",Gujarat Titans,Sunrisers Hyderabad
1216497,329,15,2020,Sheikh Zayed Stadium,Kolkata Knight Riders,Delhi Capitals
729317,329,12,2014,Dubai International Cricket Stadium,Sunrisers Hyderabad,Mumbai Indians
1082642,329,15,2017,Feroz Shah Kotla,Delhi Daredevils,Rising Pune Supergiant
1136573,329,19,2018,Eden Gardens,Kolkata Knight Riders,Delhi Daredevils
336023,329,10,2008,Sawai Mansingh Stadium,Rajasthan Royals,Royal Challengers Bangalore
548331,329,11,2012,"Punjab Cricket Association Stadium, Mohali",Kings XI Punjab,Royal Challengers Bangalore
1473447,329,13,2025,"Dr. Y.S. Rajasekhara Reddy ACA-VDCA Cricket Stadium, Visakhapatnam",Sunrisers Hyderabad,Delhi Capitals
829721,329,9,2015,"Sardar Patel Stadium, Motera",Mumbai Indians,Rajasthan Royals
1216511,329,14,2020,Sheikh Zayed Stadium,Mumbai Indians,Rajasthan Royals
1178412,329,12,2019,Arun Jaitley Stadium,Kings XI Punjab,Delhi Capitals
501249,329,13,2011,Sawai Mansingh Stadium,Chennai Super Kings,Rajasthan Royals
829761,329,13,2015,Eden Gardens,Kolkata Knight Riders,Delhi Daredevils
1527692,329,11,2026,"Bharat Ratna Shri Atal Bihari Vajpayee Ekana Cricket Stadium, Lucknow",Lucknow Super Giants,Gujarat Titans
734019,329,13,2014,Feroz Shah Kotla,Delhi Daredevils,Kings XI Punjab
1370350,329,17,2023,"MA Chidambaram Stadium, Chepauk, Chennai",Chennai Super Kings,Gujarat Titans
1082629,328,15,2017,Maharashtra Cricket Association Stadium,Gujarat Lions,Rising Pune Supergiant
980965,328,10,2016,Feroz Shah Kotla,Delhi Daredevils,Rising Pune Supergiants
392236,328,10,2009,SuperSport Park,Royal Challengers Bangalore,Deccan Chargers
1473470,328,11,2025,"Wankhede Stadium, Mumbai",Sunrisers Hyderabad,Mumbai Indians
1304056,328,15,2022,"Maharashtra Cricket Association Stadium, Pune",Gujarat Titans,Delhi Capitals
1216529,328,9,2020,Sheikh Zayed Stadium,Delhi Capitals,Mumbai Indians
1216492,328,14,2020,Sheikh Zayed Stadium,Mumbai Indians,Chennai Super Kings
1304066,327,14,2022,"Wankhede Stadium, Mumbai",Rajasthan Royals,Lucknow Super Giants
548334,327,10,2012,Wankhede Stadium,Mumbai Indians,Kings XI Punjab
419132,327,16,2010,Brabourne Stadium,Kings XI Punjab,Mumbai Indians
1082604,327,12,2017,Eden Gardens,Kolkata Knight Riders,Sunrisers Hyderabad
1181766,327,16,2019,Dr. Y.S. Rajasekhara Reddy ACA-VDCA Cricket Stadium,Sunrisers Hyderabad,Delhi Capitals
501270,327,12,2011,"MA Chidambaram Stadium, Chepauk",Royal Challengers Bangalore,Mumbai Indians
419127,327,11,2010,"Punjab Cricket Association Stadium, Mohali",Kolkata Knight Riders,Kings XI Punjab
980911,327,8,2016,Saurashtra Cricket Association Stadium,Rising Pune Supergiants,Gujarat Lions
1359483,327,17,2023,"Eden Gardens, Kolkata",Kolkata Knight Riders,Royal Challengers Bangalore
1082594,327,10,2017,Holkar Cricket Stadium,Rising Pune Supergiant,Kings XI Punjab
419152,327,11,2010,Brabourne Stadium,Mumbai Indians,Delhi Daredevils
1136596,327,8,2018,Rajiv Gandhi International Stadium,Delhi Daredevils,Sunrisers Hyderabad
1426300,327,19,2024,"M Chinnaswamy Stadium, Bengaluru",Royal Challengers Bengaluru,Delhi Capitals
1527677,327,13,2026,"Maharaja Yadavindra Singh International Cricket Stadium, New Chandigarh",Gujarat Titans,Punjab Kings
1082628,327,14,2017,Wankhede Stadium,Royal Challengers Bangalore,Mumbai Indians
336040,327,12,2008,Dr DY Patil Sports Academy,Chennai Super Kings,Rajasthan Royals
1473483,327,12,2025,"Arun Jaitley Stadium, Delhi",Delhi Capitals,Royal Challengers Bengaluru
1304058,326,16,2022,"Dr DY Patil Sports Academy, Mumbai",Lucknow Super Giants,Sunrisers Hyderabad
1527681,326,10,2026,"Arun Jaitley Stadium, Delhi",Mumbai Indians,Delhi Capitals
392228,326,9,2009,New Wanderers Stadium,Kolkata Knight Riders,Deccan Chargers
1216523,326,11,2020,Sheikh Zayed Stadium,Kolkata Knight Riders,Kings XI Punjab
598024,326,5,2013,Feroz Shah Kotla,Mumbai Indians,Delhi Daredevils
1216512,326,11,2020,Sheikh Zayed Stadium,Kolkata Knight Riders,Sunrisers Hyderabad
1082605,325,15,2017,Feroz Shah Kotla,Delhi Daredevils,Kings XI Punjab
1359481,325,12,2023,"Arun Jaitley Stadium, Delhi",Delhi Capitals,Gujarat Titans
598001,325,13,2013,Feroz Shah Kotla,Rajasthan Royals,Delhi Daredevils
1304101,325,16,2022,"Dr DY Patil Sports Academy, Mumbai",Chennai Super Kings,Delhi Capitals
1426287,325,10,2024,"MA Chidambaram Stadium, Chepauk, Chennai",Chennai Super Kings,Punjab Kings
548377,325,6,2012,Sawai Mansingh Stadium,Rajasthan Royals,Mumbai Indians
1359494,325,15,2023,"M Chinnaswamy Stadium, Bengaluru",Royal Challengers Bangalore,Delhi Capitals
598011,325,11,2013,Wankhede Stadium,Mumbai Indians,Pune Warriors
419157,325,13,2010,M Chinnaswamy Stadium,Mumbai Indians,Royal Challengers Bangalore
981017,325,13,2016,Feroz Shah Kotla,Gujarat Lions,Sunrisers Hyderabad
501244,325,15,2011,M Chinnaswamy Stadium,Royal Challengers Bangalore,Kings XI Punjab
1216501,324,15,2020,Sheikh Zayed Stadium,Kolkata Knight Riders,Chennai Super Kings
1359501,324,14,2023,"Punjab Cricket Association IS Bindra Stadium, Mohali, Chandigarh",Royal Challengers Bangalore,Punjab Kings
1254083,324,13,2021,"Narendra Modi Stadium, Ahmedabad",Punjab Kings,Royal Challengers Bangalore
501246,324,14,2011,Wankhede Stadium,Mumbai Indians,Delhi Daredevils
392192,324,16,2009,Kingsmead,Deccan Chargers,Mumbai Indians
1178426,324,11,2019,Wankhede Stadium,Mumbai Indians,Sunrisers Hyderabad
501200,323,9,2011,Nehru Stadium,Kochi Tuskers Kerala,Royal Challengers Bangalore
980905,323,11,2016,"Punjab Cricket Association IS Bindra Stadium, Mohali",Kings XI Punjab,Gujarat Lions
419133,323,9,2010,"MA Chidambaram Stadium, Chepauk",Royal Challengers Bangalore,Chennai Super Kings
1178411,323,10,2019,Sawai Mansingh Stadium,Mumbai Indians,Rajasthan Royals
1178404,323,13,2019,Eden Gardens,Kolkata Knight Riders,Chennai Super Kings
1426309,323,12,2024,"Narendra Modi Stadium, Ahmedabad",Sunrisers Hyderabad,Kolkata Knight Riders
1304060,323,9,2022,"Maharashtra Cricket Association Stadium, Pune",Mumbai Indians,Kolkata Knight Riders
1136575,323,11,2018,Sawai Mansingh Stadium,Rajasthan Royals,Kolkata Knight Riders
598048,323,9,2013,M Chinnaswamy Stadium,Sunrisers Hyderabad,Royal Challengers Bangalore
1426266,323,9,2024,"Eden Gardens, Kolkata",Lucknow Super Giants,Kolkata Knight Riders
419148,322,12,2010,M Chinnaswamy Stadium,Kolkata Knight Riders,Royal Challengers Bangalore
1254090,322,13,2021,Sharjah Cricket Stadium,Royal Challengers Bangalore,Punjab Kings
1216530,322,16,2020,Dubai International Cricket Stadium,Kolkata Knight Riders,Rajasthan Royals
1216500,322,18,2020,Sharjah Cricket Stadium,Delhi Capitals,Rajasthan Royals
980939,322,13,2016,Maharashtra Cricket Association Stadium,Rising Pune Supergiants,Kolkata Knight Riders
980975,322,9,2016,Eden Gardens,Kolkata Knight Riders,Gujarat Lions
1175369,322,7,2019,Sawai Mansingh Stadium,Royal Challengers Bangalore,Rajasthan Royals
734037,321,13,2014,Eden Gardens,Sunrisers Hyderabad,Kolkata Knight Riders
501227,321,13,2011,Feroz Shah Kotla,Delhi Daredevils,Royal Challengers Bangalore
1216516,321,10,2020,Dubai International Cricket Stadium,Sunrisers Hyderabad,Chennai Super Kings
733985,321,7,2014,Feroz Shah Kotla,Delhi Daredevils,Kolkata Knight Riders
598029,321,11,2013,Eden Gardens,Kolkata Knight Riders,Mumbai Indians
1216507,321,9,2020,Dubai International Cricket Stadium,Sunrisers Hyderabad,Rajasthan Royals
734021,321,9,2014,"Rajiv Gandhi International Stadium, Uppal",Royal Challengers Bangalore,Sunrisers Hyderabad
1178420,321,11,2019,Sawai Mansingh Stadium,Sunrisers Hyderabad,Rajasthan Royals
548350,321,11,2012,M Chinnaswamy Stadium,Royal Challengers Bangalore,Kings XI Punjab
980963,321,12,2016,Eden Gardens,Kolkata Knight Riders,Kings XI Punjab
829775,321,10,2015,"Punjab Cricket Association Stadium, Mohali",Mumbai Indians,Kings XI Punjab
1178414,321,15,2019,M.Chinnaswamy Stadium,Royal Challengers Bangalore,Chennai Super Kings
1304104,321,8,2022,"Dr DY Patil Sports Academy, Mumbai",Rajasthan Royals,Delhi Capitals
1082622,321,9,2017,Eden Gardens,Delhi Daredevils,Kolkata Knight Riders
1529280,320,9,2026,"MA Chidambaram Stadium, Chepauk, Chennai",Chennai Super Kings,Gujarat Titans
501221,320,13,2011,Wankhede Stadium,Mumbai Indians,Chennai Super Kings
981009,320,14,2016,Eden Gardens,Kolkata Knight Riders,Sunrisers Hyderabad
1178413,320,9,2019,Rajiv Gandhi International Stadium,Kolkata Knight Riders,Sunrisers Hyderabad
501216,320,11,2011,Feroz Shah Kotla,Deccan Chargers,Delhi Daredevils
335995,320,14,2008,"Punjab Cricket Association Stadium, Mohali",Delhi Daredevils,Kings XI Punjab
1473477,320,8,2025,"Bharat Ratna Shri Atal Bihari Vajpayee Ekana Cricket Stadium, Lucknow",Lucknow Super Giants,Delhi Capitals
980957,320,7,2016,Maharashtra Cricket Association Stadium,Rising Pune Supergiants,Mumbai Indians
1359495,320,16,2023,"Bharat Ratna Shri Atal Bihari Vajpayee Ekana Cricket Stadium, Lucknow",Lucknow Super Giants,Punjab Kings
1082639,320,12,2017,"Punjab Cricket Association IS Bindra Stadium, Mohali",Kings XI Punjab,Kolkata Knight Riders
829793,320,8,2015,Shaheed Veer Narayan Singh International Stadium,Sunrisers Hyderabad,Delhi Daredevils
1136591,320,14,2018,M.Chinnaswamy Stadium,Royal Challengers Bangalore,Mumbai Indians
1473452,320,16,2025,"Eden Gardens, Kolkata",Kolkata Knight Riders,Sunrisers Hyderabad
1304115,319,12,2022,"Wankhede Stadium, Mumbai",Delhi Capitals,Mumbai Indians
1304090,319,11,2022,"Dr DY Patil Sports Academy, Mumbai",Rajasthan Royals,Mumbai Indians
1304050,319,11,2022,"Wankhede Stadium, Mumbai",Lucknow Super Giants,Gujarat Titans
1254058,319,17,2021,"MA Chidambaram Stadium, Chepauk, Chennai",Mumbai Indians,Royal Challengers Bangalore
1529287,319,9,2026,"MA Chidambaram Stadium, Chepauk, Chennai",Mumbai Indians,Chennai Super Kings
981003,319,11,2016,Shaheed Veer Narayan Singh International Stadium,Sunrisers Hyderabad,Delhi Daredevils
548321,319,13,2012,Feroz Shah Kotla,Deccan Chargers,Delhi Daredevils
598030,319,11,2013,"MA Chidambaram Stadium, Chepauk",Sunrisers Hyderabad,Chennai Super Kings
501209,319,5,2011,Sawai Mansingh Stadium,Rajasthan Royals,Kolkata Knight Riders
1136601,318,16,2018,Eden Gardens,Mumbai Indians,Kolkata Knight Riders
598063,318,15,2013,Wankhede Stadium,Mumbai Indians,Rajasthan Royals
1254077,318,11,2021,"MA Chidambaram Stadium, Chepauk, Chennai",Delhi Capitals,Sunrisers Hyderabad
980933,318,11,2016,Feroz Shah Kotla,Delhi Daredevils,Mumbai Indians
501239,318,10,2011,"Rajiv Gandhi International Stadium, Uppal",Kolkata Knight Riders,Deccan Chargers
548368,318,11,2012,Eden Gardens,Kolkata Knight Riders,Chennai Super Kings
1175368,318,19,2019,Punjab Cricket Association IS Bindra Stadium,Kings XI Punjab,Delhi Capitals
1312199,318,11,2022,"Narendra Modi Stadium, Ahmedabad",Royal Challengers Bangalore,Rajasthan Royals
1082600,317,14,2017,Wankhede Stadium,Sunrisers Hyderabad,Mumbai Indians
981013,317,16,2016,M Chinnaswamy Stadium,Gujarat Lions,Royal Challengers Bangalore
734001,317,6,2014,"Rajiv Gandhi International Stadium, Uppal",Sunrisers Hyderabad,Mumbai Indians
1082618,317,14,2017,Wankhede Stadium,Rising Pune Supergiant,Mumbai Indians
501203,317,12,2011,Eden Gardens,Kolkata Knight Riders,Deccan Chargers
733995,317,12,2014,Wankhede Stadium,Mumbai Indians,Chennai Super Kings
829789,317,9,2015,"MA Chidambaram Stadium, Chepauk",Chennai Super Kings,Mumbai Indians
1304116,317,13,2022,"Wankhede Stadium, Mumbai",Sunrisers Hyderabad,Punjab Kings
1304100,317,13,2022,"Wankhede Stadium, Mumbai",Royal Challengers Bangalore,Sunrisers Hyderabad
501208,317,14,2011,"Rajiv Gandhi International Stadium, Uppal",Deccan Chargers,Royal Challengers Bangalore
1082636,317,10,2017,M Chinnaswamy Stadium,Royal Challengers Bangalore,Kolkata Knight Riders
1136578,317,8,2018,Eden Gardens,Kolkata Knight Riders,Kings XI Punjab
1529271,316,15,2026,"Eden Gardens, Kolkata",Rajasthan Royals,Kolkata Knight Riders
1473474,316,9,2025,"Maharaja Yadavindra Singh International Cricket Stadium, Mullanpur",Punjab Kings,Royal Challengers Bengaluru
598066,316,17,2013,Himachal Pradesh Cricket Association Stadium,Kings XI Punjab,Mumbai Indians
1216534,316,15,2020,Dubai International Cricket Stadium,Royal Challengers Bangalore,Sunrisers Hyderabad
1359486,316,11,2023,"Wankhede Stadium, Mumbai",Mumbai Indians,Chennai Super Kings
419141,316,20,2010,"Vidarbha Cricket Association Stadium, Jamtha",Rajasthan Royals,Deccan Chargers
1535465,316,13,2026,"Narendra Modi Stadium, Ahmedabad",Gujarat Titans,Royal Challengers Bengaluru
1527683,316,14,2026,"Rajiv Gandhi International Stadium, Uppal, Hyderabad",Sunrisers Hyderabad,Lucknow Super Giants
336015,315,14,2008,Sawai Mansingh Stadium,Delhi Daredevils,Rajasthan Royals
548359,315,13,2012,"Rajiv Gandhi International Stadium, Uppal",Kings XI Punjab,Deccan Chargers
1216510,315,13,2020,Dubai International Cricket Stadium,Kings XI Punjab,Royal Challengers Bangalore
734025,315,11,2014,"Punjab Cricket Association Stadium, Mohali",Kings XI Punjab,Mumbai Indians
548330,315,12,2012,"MA Chidambaram Stadium, Chepauk",Chennai Super Kings,Pune Warriors
336018,314,7,2008,Wankhede Stadium,Chennai Super Kings,Mumbai Indians
1216493,314,16,2020,Dubai International Cricket Stadium,Delhi Capitals,Kings XI Punjab
829733,314,15,2015,Maharashtra Cricket Association Stadium,Kings XI Punjab,Kolkata Knight Riders
1254096,314,9,2021,"Zayed Cricket Stadium, Abu Dhabi",Mumbai Indians,Kolkata Knight Riders
419131,314,13,2010,Feroz Shah Kotla,Delhi Daredevils,Kolkata Knight Riders
729295,314,16,2014,Sharjah Cricket Stadium,Kings XI Punjab,Sunrisers Hyderabad
829785,314,13,2015,M Chinnaswamy Stadium,Royal Challengers Bangalore,Kings XI Punjab
419165,314,14,2010,Dr DY Patil Sports Academy,Chennai Super Kings,Mumbai Indians
1426289,314,20,2024,"Wankhede Stadium, Mumbai",Kolkata Knight Riders,Mumbai Indians
1426311,314,16,2024,"MA Chidambaram Stadium, Chepauk, Chennai",Sunrisers Hyderabad,Rajasthan Royals
501264,314,12,2011,Himachal Pradesh Cricket Association Stadium,Deccan Chargers,Kings XI Punjab
1216528,314,14,2020,Dubai International Cricket Stadium,Chennai Super Kings,Sunrisers Hyderabad
1136568,314,16,2018,M.Chinnaswamy Stadium,Kings XI Punjab,Royal Challengers Bangalore
1529291,314,9,2026,"Arun Jaitley Stadium, Delhi",Delhi Capitals,Chennai Super Kings
734035,314,8,2014,M Chinnaswamy Stadium,Royal Challengers Bangalore,Chennai Super Kings
1254113,313,10,2021,Sharjah Cricket Stadium,Royal Challengers Bangalore,Chennai Super Kings
1473440,313,15,2025,"MA Chidambaram Stadium, Chepauk, Chennai",Mumbai Indians,Chennai Super Kings
598035,313,9,2013,Shaheed Veer Narayan Singh International Stadium,Delhi Daredevils,Pune Warriors
1254076,313,13,2021,"Wankhede Stadium, Mumbai",Chennai Super Kings,Royal Challengers Bangalore
1529285,313,16,2026,"Narendra Modi Stadium, Ahmedabad",Royal Challengers Bengaluru,Gujarat Titans
733977,313,12,2014,M Chinnaswamy Stadium,Sunrisers Hyderabad,Royal Challengers Bangalore
1082609,313,16,2017,"Rajiv Gandhi International Stadium, Uppal",Sunrisers Hyderabad,Kings XI Punjab
1082631,313,14,2017,Eden Gardens,Kolkata Knight Riders,Rising Pune Supergiant
829735,313,6,2015,"Sardar Patel Stadium, Motera",Chennai Super Kings,Rajasthan Royals
1082599,313,14,2017,Maharashtra Cricket Association Stadium,Delhi Daredevils,Rising Pune Supergiant
1237181,313,12,2020,Dubai International Cricket Stadium,Delhi Capitals,Mumbai Indians
1136618,313,11,2018,Eden Gardens,Kolkata Knight Riders,Rajasthan Royals
1136616,312,15,2018,Maharashtra Cricket Association Stadium,Kings XI Punjab,Chennai Super Kings
336026,312,12,2008,M Chinnaswamy Stadium,Royal Challengers Bangalore,Delhi Daredevils
419146,312,13,2010,"Punjab Cricket Association Stadium, Mohali",Mumbai Indians,Kings XI Punjab
598008,312,10,2013,M Chinnaswamy Stadium,Kolkata Knight Riders,Royal Challengers Bangalore
1082646,312,16,2017,Feroz Shah Kotla,Royal Challengers Bangalore,Delhi Daredevils
1082643,312,12,2017,Green Park,Gujarat Lions,Sunrisers Hyderabad
1216514,312,8,2020,Sheikh Zayed Stadium,Rajasthan Royals,Royal Challengers Bangalore
548311,312,16,2012,Dr. Y.S. Rajasekhara Reddy ACA-VDCA Cricket Stadium,Chennai Super Kings,Deccan Chargers
598013,312,11,2013,Eden Gardens,Kolkata Knight Riders,Sunrisers Hyderabad
1304079,311,14,2022,"Dr DY Patil Sports Academy, Mumbai",Mumbai Indians,Chennai Super Kings
548362,311,12,2012,Subrata Roy Sahara Stadium,Royal Challengers Bangalore,Pune Warriors
548354,311,14,2012,"Punjab Cricket Association Stadium, Mohali",Rajasthan Royals,Kings XI Punjab
1529276,311,16,2026,"Wankhede Stadium, Mumbai",Chennai Super Kings,Mumbai Indians
419106,311,11,2010,Dr DY Patil Sports Academy,Kolkata Knight Riders,Deccan Chargers
548322,311,8,2012,Subrata Roy Sahara Stadium,Chennai Super Kings,Pune Warriors
1216504,311,15,2020,Dubai International Cricket Stadium,Kolkata Knight Riders,Rajasthan Royals
419150,311,13,2010,Sawai Mansingh Stadium,Mumbai Indians,Rajasthan Royals
501236,311,13,2011,"MA Chidambaram Stadium, Chepauk",Chennai Super Kings,Deccan Chargers
419122,311,6,2010,Brabourne Stadium,Kolkata Knight Riders,Mumbai Indians
501257,311,14,2011,Himachal Pradesh Cricket Association Stadium,Kings XI Punjab,Delhi Daredevils
392181,311,14,2009,Newlands,Mumbai Indians,Chennai Super Kings
392211,311,4,2009,Kingsmead,Kolkata Knight Riders,Delhi Daredevils
548352,310,11,2012,"MA Chidambaram Stadium, Chepauk",Chennai Super Kings,Deccan Chargers
1529281,310,15,2026,"Bharat Ratna Shri Atal Bihari Vajpayee Ekana Cricket Stadium, Lucknow",Kolkata Knight Riders,Lucknow Super Giants
598016,310,18,2013,"Punjab Cricket Association Stadium, Mohali",Kings XI Punjab,Kolkata Knight Riders
548313,310,14,2012,Subrata Roy Sahara Stadium,Pune Warriors,Kings XI Punjab
597999,310,10,2013,M Chinnaswamy Stadium,Royal Challengers Bangalore,Mumbai Indians
1216518,310,8,2020,Dubai International Cricket Stadium,Rajasthan Royals,Sunrisers Hyderabad
419143,310,7,2010,Sawai Mansingh Stadium,Kings XI Punjab,Rajasthan Royals
1426285,310,12,2024,"Eden Gardens, Kolkata",Delhi Capitals,Kolkata Knight Riders
734023,310,6,2014,Eden Gardens,Chennai Super Kings,Kolkata Knight Riders
1304093,310,8,2022,"Wankhede Stadium, Mumbai",Rajasthan Royals,Kolkata Knight Riders
1254082,310,9,2021,"Narendra Modi Stadium, Ahmedabad",Kolkata Knight Riders,Delhi Capitals
1473480,309,15,2025,"MA Chidambaram Stadium, Chepauk, Chennai",Chennai Super Kings,Sunrisers Hyderabad
1216543,309,15,2020,Dubai International Cricket Stadium,Delhi Capitals,Rajasthan Royals
419134,309,16,2010,Feroz Shah Kotla,Delhi Daredevils,Rajasthan Royals
598049,309,5,2013,Sawai Mansingh Stadium,Delhi Daredevils,Rajasthan Royals
1216532,309,11,2020,Sheikh Zayed Stadium,Sunrisers Hyderabad,Delhi Capitals
335994,309,7,2008,Dr DY Patil Sports Academy,Mumbai Indians,Deccan Chargers
1304063,309,9,2022,"Dr DY Patil Sports Academy, Mumbai",Chennai Super Kings,Sunrisers Hyderabad
336034,309,14,2008,M Chinnaswamy Stadium,Royal Challengers Bangalore,Deccan Chargers
733975,308,8,2014,Feroz Shah Kotla,Delhi Daredevils,Rajasthan Royals
392206,308,18,2009,New Wanderers Stadium,Chennai Super Kings,Delhi Daredevils
392207,307,7,2009,St George's Park,Kolkata Knight Riders,Kings XI Punjab
548357,307,13,2012,Feroz Shah Kotla,Delhi Daredevils,Kolkata Knight Riders
1136598,307,13,2018,Holkar Cricket Stadium,Rajasthan Royals,Kings XI Punjab
392237,307,12,2009,SuperSport Park,Delhi Daredevils,Deccan Chargers
1359492,307,12,2023,"Punjab Cricket Association IS Bindra Stadium, Mohali, Chandigarh",Punjab Kings,Gujarat Titans
501224,307,12,2011,"Rajiv Gandhi International Stadium, Uppal",Mumbai Indians,Deccan Chargers
1359529,307,16,2023,"MA Chidambaram Stadium, Chepauk, Chennai",Chennai Super Kings,Delhi Capitals
1216506,307,7,2020,Sheikh Zayed Stadium,Kings XI Punjab,Chennai Super Kings
598067,306,14,2013,Subrata Roy Sahara Stadium,Pune Warriors,Delhi Daredevils
1216539,306,10,2020,Dubai International Cricket Stadium,Delhi Capitals,Chennai Super Kings
1178400,306,13,2019,Sawai Mansingh Stadium,Rajasthan Royals,Chennai Super Kings
419142,306,13,2010,"MA Chidambaram Stadium, Chepauk",Chennai Super Kings,Mumbai Indians
1082625,306,19,2017,Saurashtra Cricket Association Stadium,Gujarat Lions,Mumbai Indians
1216540,306,11,2020,Sharjah Cricket Stadium,Royal Challengers Bangalore,Kolkata Knight Riders
548378,306,12,2012,Subrata Roy Sahara Stadium,Kolkata Knight Riders,Delhi Daredevils
548312,306,15,2012,Sawai Mansingh Stadium,Rajasthan Royals,Kolkata Knight Riders
1216505,306,11,2020,Sheikh Zayed Stadium,Royal Challengers Bangalore,Delhi Capitals
419123,306,12,2010,M Chinnaswamy Stadium,Royal Challengers Bangalore,Chennai Super Kings
419119,306,12,2010,Brabourne Stadium,Mumbai Indians,Royal Challengers Bangalore
1426291,306,18,2024,"Himachal Pradesh Cricket Association Stadium, Dharamsala",Chennai Super Kings,Punjab Kings
1304057,306,18,2022,"Brabourne Stadium, Mumbai",Punjab Kings,Chennai Super Kings
980919,305,11,2016,"Punjab Cricket Association IS Bindra Stadium, Mohali",Rising Pune Supergiants,Kings XI Punjab
548343,305,16,2012,"MA Chidambaram Stadium, Chepauk",Kings XI Punjab,Chennai Super Kings
1473457,305,11,2025,"Rajiv Gandhi International Stadium, Uppal, Hyderabad",Sunrisers Hyderabad,Gujarat Titans
829783,305,11,2015,Wankhede Stadium,Delhi Daredevils,Mumbai Indians
501198,304,11,2011,"MA Chidambaram Stadium, Chepauk",Chennai Super Kings,Kolkata Knight Riders
980981,304,8,2016,M Chinnaswamy Stadium,Royal Challengers Bangalore,Mumbai Indians
1082647,304,13,2017,Wankhede Stadium,Rising Pune Supergiant,Mumbai Indians
598017,304,12,2013,M Chinnaswamy Stadium,Delhi Daredevils,Royal Challengers Bangalore
729315,304,13,2014,Sheikh Zayed Stadium,Rajasthan Royals,Kolkata Knight Riders
1473443,304,11,2025,"Barsapara Cricket Stadium, Guwahati",Rajasthan Royals,Kolkata Knight Riders
1304061,304,7,2022,"Dr DY Patil Sports Academy, Mumbai",Delhi Capitals,Lucknow Super Giants
335982,304,13,2008,M Chinnaswamy Stadium,Kolkata Knight Riders,Royal Challengers Bangalore
1304081,304,17,2022,"Dr DY Patil Sports Academy, Mumbai",Gujarat Titans,Kolkata Knight Riders
1359533,303,15,2023,"Arun Jaitley Stadium, Delhi",Punjab Kings,Delhi Capitals
548345,303,9,2012,Feroz Shah Kotla,Delhi Daredevils,Rajasthan Royals
1304074,303,13,2022,"Dr DY Patil Sports Academy, Mumbai",Punjab Kings,Sunrisers Hyderabad
501204,303,10,2011,Sawai Mansingh Stadium,Delhi Daredevils,Rajasthan Royals
419130,303,17,2010,Dr DY Patil Sports Academy,Mumbai Indians,Deccan Chargers
598062,303,13,2013,"MA Chidambaram Stadium, Chepauk",Chennai Super Kings,Delhi Daredevils
1304064,303,9,2022,"Maharashtra Cricket Association Stadium, Pune",Mumbai Indians,Royal Challengers Bangalore
1175370,303,13,2019,Wankhede Stadium,Mumbai Indians,Chennai Super Kings
419118,302,12,2010,"Sardar Patel Stadium, Motera",Rajasthan Royals,Kolkata Knight Riders
1473493,302,15,2025,"Wankhede Stadium, Mumbai",Mumbai Indians,Gujarat Titans
981015,302,16,2016,Feroz Shah Kotla,Sunrisers Hyderabad,Kolkata Knight Riders
1254103,302,12,2021,Dubai International Cricket Stadium,Rajasthan Royals,Royal Challengers Bangalore
829797,302,14,2015,"MA Chidambaram Stadium, Chepauk",Chennai Super Kings,Rajasthan Royals
1304110,301,16,2022,"Dr DY Patil Sports Academy, Mumbai",Delhi Capitals,Punjab Kings
1473501,301,15,2025,"Wankhede Stadium, Mumbai",Mumbai Indians,Delhi Capitals
1304114,301,11,2022,"Brabourne Stadium, Mumbai",Chennai Super Kings,Rajasthan Royals
1216525,301,12,2020,Dubai International Cricket Stadium,Royal Challengers Bangalore,Chennai Super Kings
1178397,301,8,2019,Punjab Cricket Association IS Bindra Stadium,Sunrisers Hyderabad,Kings XI Punjab
1178395,301,14,2019,M.Chinnaswamy Stadium,Royal Challengers Bangalore,Delhi Capitals
1136600,301,15,2018,Sawai Mansingh Stadium,Rajasthan Royals,Kings XI Punjab
1216495,300,8,2020,Sharjah Cricket Stadium,Mumbai Indians,Sunrisers Hyderabad
392190,300,14,2009,Newlands,Rajasthan Royals,Kolkata Knight Riders
1359530,300,9,2023,"Eden Gardens, Kolkata",Kolkata Knight Riders,Rajasthan Royals
1304107,300,14,2022,"Maharashtra Cricket Association Stadium, Pune",Kolkata Knight Riders,Sunrisers Hyderabad
1304083,300,14,2022,"Wankhede Stadium, Mumbai",Lucknow Super Giants,Mumbai Indians
829707,299,16,2015,"MA Chidambaram Stadium, Chepauk",Chennai Super Kings,Delhi Daredevils
829781,299,16,2015,Eden Gardens,Kolkata Knight Riders,Sunrisers Hyderabad
598031,299,10,2013,Eden Gardens,Kings XI Punjab,Kolkata Knight Riders
1426265,299,15,2024,"Maharaja Yadavindra Singh International Cricket Stadium, Mullanpur",Punjab Kings,Rajasthan Royals
392208,299,5,2009,New Wanderers Stadium,Mumbai Indians,Royal Challengers Bangalore
419126,299,11,2010,"Sardar Patel Stadium, Motera",Deccan Chargers,Rajasthan Royals
980961,299,9,2016,Saurashtra Cricket Association Stadium,Gujarat Lions,Delhi Daredevils
1082595,299,17,2017,M.Chinnaswamy Stadium,Royal Challengers Bangalore,Delhi Daredevils
501207,299,14,2011,Dr DY Patil Sports Academy,Kochi Tuskers Kerala,Pune Warriors
392194,299,11,2009,St George's Park,Royal Challengers Bangalore,Delhi Daredevils
1529273,299,15,2026,"Narendra Modi Stadium, Ahmedabad",Mumbai Indians,Gujarat Titans
733997,299,9,2014,Barabati Stadium,Kings XI Punjab,Kolkata Knight Riders
1426290,299,16,2024,"M Chinnaswamy Stadium, Bengaluru",Gujarat Titans,Royal Challengers Bengaluru
335993,299,10,2008,"MA Chidambaram Stadium, Chepauk",Kolkata Knight Riders,Chennai Super Kings
1216520,299,11,2020,Sharjah Cricket Stadium,Kolkata Knight Riders,Kings XI Punjab
501241,299,14,2011,Dr DY Patil Sports Academy,Mumbai Indians,Pune Warriors
335991,298,19,2008,"Punjab Cricket Association Stadium, Mohali",Kings XI Punjab,Mumbai Indians
1178393,298,8,2019,MA Chidambaram Stadium,Chennai Super Kings,Kings XI Punjab
1359500,298,13,2023,"Sawai Mansingh Stadium, Jaipur",Lucknow Super Giants,Rajasthan Royals
392201,298,13,2009,SuperSport Park,Deccan Chargers,Delhi Daredevils
1136567,298,17,2018,Rajiv Gandhi International Stadium,Mumbai Indians,Sunrisers Hyderabad
1136613,298,15,2018,Sawai Mansingh Stadium,Rajasthan Royals,Royal Challengers Bangalore
829709,298,15,2015,Maharashtra Cricket Association Stadium,Rajasthan Royals,Kings XI Punjab
729299,298,12,2014,Sharjah Cricket Stadium,Kolkata Knight Riders,Royal Challengers Bangalore
734043,298,16,2014,Eden Gardens,Kolkata Knight Riders,Kings XI Punjab
1181767,298,13,2019,Dr. Y.S. Rajasekhara Reddy ACA-VDCA Cricket Stadium,Delhi Capitals,Chennai Super Kings
1082598,298,6,2017,Holkar Cricket Stadium,Royal Challengers Bangalore,Kings XI Punjab
392227,298,8,2009,St George's Park,Mumbai Indians,Chennai Super Kings
392218,298,9,2009,St George's Park,Mumbai Indians,Royal Challengers Bangalore
1181768,297,15,2019,Rajiv Gandhi International Stadium,Mumbai Indians,Chennai Super Kings
501252,297,7,2011,Sawai Mansingh Stadium,Rajasthan Royals,Royal Challengers Bangalore
1216526,297,7,2020,Sheikh Zayed Stadium,Kolkata Knight Riders,Mumbai Indians
1175360,297,10,2019,Arun Jaitley Stadium,Delhi Capitals,Chennai Super Kings
1254064,297,15,2021,"Wankhede Stadium, Mumbai",Delhi Capitals,Rajasthan Royals
336027,297,12,2008,Eden Gardens,Kolkata Knight Riders,Rajasthan Royals
734003,297,13,2014,JSCA International Stadium Complex,Rajasthan Royals,Chennai Super Kings
980983,296,11,2016,"Rajiv Gandhi International Stadium, Uppal",Sunrisers Hyderabad,Delhi Daredevils
501240,296,8,2011,"MA Chidambaram Stadium, Chepauk",Rajasthan Royals,Chennai Super Kings
1178409,296,14,2019,Arun Jaitley Stadium,Mumbai Indians,Delhi Capitals
1304087,296,15,2022,"Wankhede Stadium, Mumbai",Kolkata Knight Riders,Delhi Capitals
1426298,296,15,2024,"Eden Gardens, Kolkata",Kolkata Knight Riders,Mumbai Indians
1529308,295,14,2026,"Eden Gardens, Kolkata",Mumbai Indians,Kolkata Knight Riders
336037,295,11,2008,"Rajiv Gandhi International Stadium, Uppal",Deccan Chargers,Chennai Super Kings
1529266,295,15,2026,"M Chinnaswamy Stadium, Bengaluru",Lucknow Super Giants,Royal Challengers Bengaluru
336004,295,18,2008,Dr DY Patil Sports Academy,Mumbai Indians,Delhi Daredevils
501242,295,12,2011,Nehru Stadium,Kochi Tuskers Kerala,Kolkata Knight Riders
501269,295,13,2011,Wankhede Stadium,Kolkata Knight Riders,Mumbai Indians
1216544,295,8,2020,Dubai International Cricket Stadium,Royal Challengers Bangalore,Chennai Super Kings
501237,295,13,2011,Wankhede Stadium,Mumbai Indians,Kings XI Punjab
1082607,295,17,2017,M Chinnaswamy Stadium,Rising Pune Supergiant,Royal Challengers Bangalore
548365,295,13,2012,Sawai Mansingh Stadium,Rajasthan Royals,Pune Warriors
392238,295,9,2009,New Wanderers Stadium,Chennai Super Kings,Royal Challengers Bangalore
829751,294,16,2015,Wankhede Stadium,Mumbai Indians,Sunrisers Hyderabad
598015,294,13,2013,"MA Chidambaram Stadium, Chepauk",Pune Warriors,Chennai Super Kings
1254062,294,17,2021,"MA Chidambaram Stadium, Chepauk, Chennai",Mumbai Indians,Kolkata Knight Riders
548310,294,15,2012,M Chinnaswamy Stadium,Royal Challengers Bangalore,Delhi Daredevils
548337,294,4,2012,Subrata Roy Sahara Stadium,Pune Warriors,Delhi Daredevils
1422139,293,15,2024,"Bharat Ratna Shri Atal Bihari Vajpayee Ekana Cricket Stadium, Lucknow",Lucknow Super Giants,Gujarat Titans
548353,293,13,2012,Eden Gardens,Kolkata Knight Riders,Pune Warriors
829739,293,12,2015,Feroz Shah Kotla,Delhi Daredevils,Kolkata Knight Riders
501261,293,10,2011,"MA Chidambaram Stadium, Chepauk",Chennai Super Kings,Kochi Tuskers Kerala
548332,293,7,2012,"MA Chidambaram Stadium, Chepauk",Rajasthan Royals,Chennai Super Kings
598009,293,8,2013,Subrata Roy Sahara Stadium,Rajasthan Royals,Pune Warriors
419138,293,15,2010,Brabourne Stadium,Mumbai Indians,Deccan Chargers
598052,292,8,2013,"Punjab Cricket Association Stadium, Mohali",Kings XI Punjab,Rajasthan Royals
336007,292,10,2008,"MA Chidambaram Stadium, Chepauk",Chennai Super Kings,Deccan Chargers
1254063,292,17,2021,"MA Chidambaram Stadium, Chepauk, Chennai",Royal Challengers Bangalore,Sunrisers Hyderabad
1254104,292,15,2021,Dubai International Cricket Stadium,Chennai Super Kings,Mumbai Indians
336036,291,12,2008,Sawai Mansingh Stadium,Mumbai Indians,Rajasthan Royals
1359535,291,10,2023,"MA Chidambaram Stadium, Chepauk, Chennai",Chennai Super Kings,Kolkata Knight Riders
729311,291,10,2014,Sharjah Cricket Stadium,Sunrisers Hyderabad,Chennai Super Kings
729281,291,6,2014,Sharjah Cricket Stadium,Delhi Daredevils,Royal Challengers Bangalore
1136588,291,13,2018,Sawai Mansingh Stadium,Sunrisers Hyderabad,Rajasthan Royals
598038,291,12,2013,Subrata Roy Sahara Stadium,Chennai Super Kings,Pune Warriors
980917,290,15,2016,Wankhede Stadium,Mumbai Indians,Gujarat Lions
1136612,290,11,2018,Arun Jaitley Stadium,Delhi Daredevils,Chennai Super Kings
598032,290,11,2013,Sawai Mansingh Stadium,Sunrisers Hyderabad,Rajasthan Royals
392198,290,12,2009,SuperSport Park,Delhi Daredevils,Rajasthan Royals
392202,290,14,2009,SuperSport Park,Chennai Super Kings,Rajasthan Royals
1529294,289,10,2026,"Arun Jaitley Stadium, Delhi",Delhi Capitals,Kolkata Knight Riders
1473478,289,11,2025,"Rajiv Gandhi International Stadium, Uppal, Hyderabad",Sunrisers Hyderabad,Mumbai Indians
980935,289,11,2016,"Rajiv Gandhi International Stadium, Uppal",Kings XI Punjab,Sunrisers Hyderabad
1426286,289,13,2024,"Bharat Ratna Shri Atal Bihari Vajpayee Ekana Cricket Stadium, Lucknow",Mumbai Indians,Lucknow Super Giants
419151,289,16,2010,"Vidarbha Cricket Association Stadium, Jamtha",Deccan Chargers,Royal Challengers Bangalore
829819,289,14,2015,Maharashtra Cricket Association Stadium,Royal Challengers Bangalore,Rajasthan Royals
1426303,289,14,2024,"Barsapara Cricket Stadium, Guwahati",Rajasthan Royals,Punjab Kings
392225,288,17,2009,Kingsmead,Rajasthan Royals,Mumbai Indians
1304094,288,10,2022,"Dr DY Patil Sports Academy, Mumbai",Gujarat Titans,Punjab Kings
980915,288,9,2016,"Rajiv Gandhi International Stadium, Uppal",Sunrisers Hyderabad,Kolkata Knight Riders
1426275,288,17,2024,"Maharaja Yadavindra Singh International Cricket Stadium, Mullanpur",Punjab Kings,Gujarat Titans
734015,288,11,2014,"Rajiv Gandhi International Stadium, Uppal",Sunrisers Hyderabad,Kolkata Knight Riders
548315,288,17,2012,M Chinnaswamy Stadium,Kolkata Knight Riders,Royal Challengers Bangalore
419108,288,14,2010,"Punjab Cricket Association Stadium, Mohali",Kings XI Punjab,Delhi Daredevils
1359488,288,11,2023,"Rajiv Gandhi International Stadium, Uppal, Hyderabad",Punjab Kings,Sunrisers Hyderabad
1082602,287,11,2017,M Chinnaswamy Stadium,Royal Challengers Bangalore,Mumbai Indians
392203,287,12,2009,Buffalo Park,Mumbai Indians,Kolkata Knight Riders
829753,287,12,2015,"MA Chidambaram Stadium, Chepauk",Chennai Super Kings,Kings XI Punjab
1216545,287,7,2020,Sheikh Zayed Stadium,Sunrisers Hyderabad,Kolkata Knight Riders
501235,287,11,2011,Sawai Mansingh Stadium,Pune Warriors,Rajasthan Royals
1136609,287,14,2018,Eden Gardens,Rajasthan Royals,Kolkata Knight Riders
598002,287,15,2013,"MA Chidambaram Stadium, Chepauk",Mumbai Indians,Chennai Super Kings
1136599,287,16,2018,Rajiv Gandhi International Stadium,Sunrisers Hyderabad,Royal Challengers Bangalore
1254066,287,15,2021,"MA Chidambaram Stadium, Chepauk, Chennai",Mumbai Indians,Sunrisers Hyderabad
980923,287,9,2016,"Rajiv Gandhi International Stadium, Uppal",Mumbai Indians,Sunrisers Hyderabad
336016,287,9,2008,"Punjab Cricket Association Stadium, Mohali",Royal Challengers Bangalore,Kings XI Punjab
1304088,286,16,2022,"Maharashtra Cricket Association Stadium, Pune",Lucknow Super Giants,Punjab Kings
548374,286,12,2012,Himachal Pradesh Cricket Association Stadium,Kings XI Punjab,Delhi Daredevils
1426299,286,10,2024,"MA Chidambaram Stadium, Chepauk, Chennai",Rajasthan Royals,Chennai Super Kings
501228,286,8,2011,Dr DY Patil Sports Academy,Pune Warriors,Chennai Super Kings
392230,286,12,2009,OUTsurance Oval,Delhi Daredevils,Rajasthan Royals
1527678,286,14,2026,"Bharat Ratna Shri Atal Bihari Vajpayee Ekana Cricket Stadium, Lucknow",Lucknow Super Giants,Delhi Capitals
729279,285,12,2014,Sheikh Zayed Stadium,Kolkata Knight Riders,Mumbai Indians
980955,285,19,2016,Saurashtra Cricket Association Stadium,Kings XI Punjab,Gujarat Lions
548349,285,10,2012,Sawai Mansingh Stadium,Rajasthan Royals,Delhi Daredevils
335988,285,9,2008,"Rajiv Gandhi International Stadium, Uppal",Deccan Chargers,Delhi Daredevils
598058,285,9,2013,Sawai Mansingh Stadium,Chennai Super Kings,Rajasthan Royals
1082634,284,17,2017,"Rajiv Gandhi International Stadium, Uppal",Rising Pune Supergiant,Sunrisers Hyderabad
734009,283,9,2014,Barabati Stadium,Mumbai Indians,Kolkata Knight Riders
392205,283,12,2009,St George's Park,Deccan Chargers,Rajasthan Royals
548360,283,7,2012,Wankhede Stadium,Mumbai Indians,Royal Challengers Bangalore
729303,283,10,2014,Dubai International Cricket Stadium,Mumbai Indians,Chennai Super Kings
1370351,283,18,2023,"MA Chidambaram Stadium, Chepauk, Chennai",Mumbai Indians,Lucknow Super Giants
501205,283,5,2011,M Chinnaswamy Stadium,Royal Challengers Bangalore,Mumbai Indians
419111,283,10,2010,"Sardar Patel Stadium, Motera",Rajasthan Royals,Delhi Daredevils
419153,282,9,2010,"MA Chidambaram Stadium, Chepauk",Kolkata Knight Riders,Chennai Super Kings
1136582,282,16,2018,Arun Jaitley Stadium,Kings XI Punjab,Delhi Daredevils
392197,282,15,2009,St George's Park,Mumbai Indians,Kolkata Knight Riders
392199,282,11,2009,Kingsmead,Kolkata Knight Riders,Royal Challengers Bangalore
392204,282,16,2009,Kingsmead,Royal Challengers Bangalore,Kings XI Punjab
336011,281,10,2008,Sawai Mansingh Stadium,Deccan Chargers,Rajasthan Royals
501238,281,9,2011,Feroz Shah Kotla,Delhi Daredevils,Kochi Tuskers Kerala
1359508,281,15,2023,"Rajiv Gandhi International Stadium, Uppal, Hyderabad",Delhi Capitals,Sunrisers Hyderabad
392217,281,10,2009,De Beers Diamond Oval,Rajasthan Royals,Chennai Super Kings
548314,280,14,2012,Dr. Y.S. Rajasekhara Reddy ACA-VDCA Cricket Stadium,Deccan Chargers,Mumbai Indians
829759,280,15,2015,"Punjab Cricket Association Stadium, Mohali",Sunrisers Hyderabad,Kings XI Punjab
392239,280,15,2009,New Wanderers Stadium,Deccan Chargers,Royal Challengers Bangalore
734013,280,9,2014,JSCA International Stadium Complex,Chennai Super Kings,Royal Challengers Bangalore
419160,279,14,2010,Feroz Shah Kotla,Deccan Chargers,Delhi Daredevils
392220,279,17,2009,De Beers Diamond Oval,Deccan Chargers,Rajasthan Royals
501230,279,16,2011,Feroz Shah Kotla,Kolkata Knight Riders,Delhi Daredevils
829821,279,15,2015,JSCA International Stadium Complex,Royal Challengers Bangalore,Chennai Super Kings
1136617,279,15,2018,Wankhede Stadium,Sunrisers Hyderabad,Chennai Super Kings
548347,279,10,2012,"MA Chidambaram Stadium, Chepauk",Chennai Super Kings,Kolkata Knight Riders
336038,279,19,2008,Wankhede Stadium,Rajasthan Royals,Delhi Daredevils
980925,279,12,2016,"Punjab Cricket Association IS Bindra Stadium, Mohali",Kings XI Punjab,Kolkata Knight Riders
1359523,279,12,2023,"MA Chidambaram Stadium, Chepauk, Chennai",Mumbai Indians,Chennai Super Kings
1178396,279,5,2019,Sawai Mansingh Stadium,Rajasthan Royals,Kolkata Knight Riders
501199,278,10,2011,"Rajiv Gandhi International Stadium, Uppal",Deccan Chargers,Rajasthan Royals
1082638,278,10,2017,"Rajiv Gandhi International Stadium, Uppal",Mumbai Indians,Sunrisers Hyderabad
1304102,278,19,2022,"Dr DY Patil Sports Academy, Mumbai",Kolkata Knight Riders,Mumbai Indians
1082635,278,13,2017,Feroz Shah Kotla,Mumbai Indians,Delhi Daredevils
1529275,278,16,2026,"Bharat Ratna Shri Atal Bihari Vajpayee Ekana Cricket Stadium, Lucknow",Rajasthan Royals,Lucknow Super Giants
392209,278,13,2009,Buffalo Park,Chennai Super Kings,Deccan Chargers
1254095,278,13,2021,"Zayed Cricket Stadium, Abu Dhabi",Sunrisers Hyderabad,Royal Challengers Bangalore
1178425,278,14,2019,MA Chidambaram Stadium,Chennai Super Kings,Delhi Capitals
1426260,278,12,2024,"MA Chidambaram Stadium, Chepauk, Chennai",Kolkata Knight Riders,Chennai Super Kings
1304054,278,14,2022,"Wankhede Stadium, Mumbai",Punjab Kings,Kolkata Knight Riders
1304099,277,17,2022,"Maharashtra Cricket Association Stadium, Pune",Lucknow Super Giants,Kolkata Knight Riders
829743,277,8,2015,Dr. Y.S. Rajasekhara Reddy ACA-VDCA Cricket Stadium,Sunrisers Hyderabad,Kolkata Knight Riders
598007,277,10,2013,"Punjab Cricket Association Stadium, Mohali",Kings XI Punjab,Chennai Super Kings
1136570,277,13,2018,Eden Gardens,Kolkata Knight Riders,Sunrisers Hyderabad
419147,277,12,2010,"Vidarbha Cricket Association Stadium, Jamtha",Chennai Super Kings,Deccan Chargers
1254115,277,13,2021,Sharjah Cricket Stadium,Royal Challengers Bangalore,Kolkata Knight Riders
981011,277,12,2016,Shaheed Veer Narayan Singh International Stadium,Delhi Daredevils,Royal Challengers Bangalore
501233,276,17,2011,Nehru Stadium,Delhi Daredevils,Kochi Tuskers Kerala
1254108,276,16,2021,Dubai International Cricket Stadium,Royal Challengers Bangalore,Mumbai Indians
548369,276,13,2012,Feroz Shah Kotla,Kings XI Punjab,Delhi Daredevils
598050,275,16,2013,Wankhede Stadium,Mumbai Indians,Kolkata Knight Riders
335997,275,11,2008,Eden Gardens,Kolkata Knight Riders,Mumbai Indians
1254097,275,12,2021,"Zayed Cricket Stadium, Abu Dhabi",Delhi Capitals,Rajasthan Royals
1254110,275,12,2021,Dubai International Cricket Stadium,Chennai Super Kings,Delhi Capitals
1082596,275,8,2017,"Rajiv Gandhi International Stadium, Uppal",Gujarat Lions,Sunrisers Hyderabad
1254070,275,13,2021,"MA Chidambaram Stadium, Chepauk, Chennai",Mumbai Indians,Delhi Capitals
501259,274,13,2011,Dr DY Patil Sports Academy,Pune Warriors,Deccan Chargers
501250,273,12,2011,"Rajiv Gandhi International Stadium, Uppal",Deccan Chargers,Pune Warriors
729297,273,16,2014,Dubai International Cricket Stadium,Chennai Super Kings,Rajasthan Royals
1254091,273,11,2021,Sharjah Cricket Stadium,Sunrisers Hyderabad,Chennai Super Kings
419113,273,13,2010,Eden Gardens,Chennai Super Kings,Kolkata Knight Riders
335992,273,11,2008,M Chinnaswamy Stadium,Royal Challengers Bangalore,Rajasthan Royals
1254094,273,10,2021,Dubai International Cricket Stadium,Chennai Super Kings,Punjab Kings
1254105,273,11,2021,Dubai International Cricket Stadium,Sunrisers Hyderabad,Delhi Capitals
598073,273,18,2013,Eden Gardens,Mumbai Indians,Chennai Super Kings
1527686,273,12,2026,"Barsapara Cricket Stadium, Guwahati",Rajasthan Royals,Mumbai Indians
598040,273,10,2013,Shaheed Veer Narayan Singh International Stadium,Kolkata Knight Riders,Delhi Daredevils
1254099,272,10,2021,"Zayed Cricket Stadium, Abu Dhabi",Punjab Kings,Mumbai Indians
980929,272,8,2016,Saurashtra Cricket Association Stadium,Gujarat Lions,Sunrisers Hyderabad
1359503,272,10,2023,"MA Chidambaram Stadium, Chepauk, Chennai",Sunrisers Hyderabad,Chennai Super Kings
419121,272,15,2010,"MA Chidambaram Stadium, Chepauk",Kings XI Punjab,Chennai Super Kings
829779,272,19,2015,"MA Chidambaram Stadium, Chepauk",Chennai Super Kings,Royal Challengers Bangalore
1178405,271,17,2019,Rajiv Gandhi International Stadium,Delhi Capitals,Sunrisers Hyderabad
1254116,271,12,2021,Sharjah Cricket Stadium,Delhi Capitals,Kolkata Knight Riders
419109,271,10,2010,Eden Gardens,Royal Challengers Bangalore,Kolkata Knight Riders
598019,271,13,2013,Sawai Mansingh Stadium,Rajasthan Royals,Mumbai Indians
392212,271,14,2009,SuperSport Park,Deccan Chargers,Mumbai Indians
980979,270,16,2016,Dr. Y.S. Rajasekhara Reddy ACA-VDCA Cricket Stadium,Sunrisers Hyderabad,Rising Pune Supergiants
1304108,270,8,2022,"Wankhede Stadium, Mumbai",Chennai Super Kings,Gujarat Titans
1082614,270,15,2017,Wankhede Stadium,Mumbai Indians,Delhi Daredevils
598056,270,16,2013,"Punjab Cricket Association Stadium, Mohali",Sunrisers Hyderabad,Kings XI Punjab
980973,269,13,2016,Dr. Y.S. Rajasekhara Reddy ACA-VDCA Cricket Stadium,Sunrisers Hyderabad,Mumbai Indians
1082621,269,13,2017,M Chinnaswamy Stadium,Royal Challengers Bangalore,Gujarat Lions
598005,269,16,2013,Sawai Mansingh Stadium,Rajasthan Royals,Kolkata Knight Riders
1178408,269,9,2019,Rajiv Gandhi International Stadium,Chennai Super Kings,Sunrisers Hyderabad
392232,269,10,2009,New Wanderers Stadium,Delhi Daredevils,Royal Challengers Bangalore
548320,268,10,2012,Eden Gardens,Rajasthan Royals,Kolkata Knight Riders
419161,268,9,2010,Eden Gardens,Mumbai Indians,Kolkata Knight Riders
729285,268,12,2014,Sheikh Zayed Stadium,Sunrisers Hyderabad,Rajasthan Royals
1254075,267,13,2021,"Wankhede Stadium, Mumbai",Kolkata Knight Riders,Rajasthan Royals
501263,267,5,2011,Wankhede Stadium,Mumbai Indians,Rajasthan Royals
1178431,267,8,2019,Wankhede Stadium,Kolkata Knight Riders,Mumbai Indians
392229,267,15,2009,New Wanderers Stadium,Kings XI Punjab,Deccan Chargers
598071,267,13,2013,Feroz Shah Kotla,Sunrisers Hyderabad,Rajasthan Royals
501215,266,7,2011,Nehru Stadium,Chennai Super Kings,Kochi Tuskers Kerala
548323,266,16,2012,Eden Gardens,Kings XI Punjab,Kolkata Knight Riders
392185,266,15,2009,St George's Park,Chennai Super Kings,Royal Challengers Bangalore
829765,266,15,2015,"MA Chidambaram Stadium, Chepauk",Chennai Super Kings,Kolkata Knight Riders
419158,265,11,2010,Eden Gardens,Rajasthan Royals,Kolkata Knight Riders
598043,265,8,2013,Eden Gardens,Rajasthan Royals,Kolkata Knight Riders
1178419,264,14,2019,MA Chidambaram Stadium,Mumbai Indians,Chennai Super Kings
829749,264,10,2015,"Sardar Patel Stadium, Motera",Rajasthan Royals,Royal Challengers Bangalore
1304047,264,9,2022,"Wankhede Stadium, Mumbai",Chennai Super Kings,Kolkata Knight Riders
829809,264,10,2015,"Punjab Cricket Association Stadium, Mohali",Kings XI Punjab,Chennai Super Kings
1359504,263,13,2023,"Bharat Ratna Shri Atal Bihari Vajpayee Ekana Cricket Stadium, Lucknow",Gujarat Titans,Lucknow Super Giants
1181764,263,8,2019,MA Chidambaram Stadium,Chennai Super Kings,Mumbai Indians
1312200,263,12,2022,"Narendra Modi Stadium, Ahmedabad",Rajasthan Royals,Gujarat Titans
1254074,263,7,2021,"MA Chidambaram Stadium, Chepauk, Chennai",Mumbai Indians,Punjab Kings
1237178,263,11,2020,Sheikh Zayed Stadium,Royal Challengers Bangalore,Sunrisers Hyderabad
419154,262,11,2010,Sawai Mansingh Stadium,Rajasthan Royals,Royal Challengers Bangalore
598069,262,12,2013,"Rajiv Gandhi International Stadium, Uppal",Kolkata Knight Riders,Sunrisers Hyderabad
733971,262,12,2014,JSCA International Stadium Complex,Chennai Super Kings,Kolkata Knight Riders
729293,261,16,2014,Sheikh Zayed Stadium,Chennai Super Kings,Delhi Daredevils
1254112,261,14,2021,Sharjah Cricket Stadium,Mumbai Indians,Delhi Capitals
335984,261,9,2008,Feroz Shah Kotla,Rajasthan Royals,Delhi Daredevils
392224,261,18,2009,Kingsmead,Chennai Super Kings,Royal Challengers Bangalore
598004,260,15,2013,"Rajiv Gandhi International Stadium, Uppal",Royal Challengers Bangalore,Sunrisers Hyderabad
1304052,260,17,2022,"Dr DY Patil Sports Academy, Mumbai",Kolkata Knight Riders,Royal Challengers Bangalore
1175371,260,13,2019,Arun Jaitley Stadium,Delhi Capitals,Sunrisers Hyderabad
501256,260,14,2011,Wankhede Stadium,Deccan Chargers,Mumbai Indians
1304085,259,18,2022,"Maharashtra Cricket Association Stadium, Pune",Rajasthan Royals,Royal Challengers Bangalore
598039,259,7,2013,"Rajiv Gandhi International Stadium, Uppal",Mumbai Indians,Sunrisers Hyderabad
501226,259,15,2011,"MA Chidambaram Stadium, Chepauk",Chennai Super Kings,Pune Warriors
829727,258,9,2015,Dr. Y.S. Rajasekhara Reddy ACA-VDCA Cricket Stadium,Sunrisers Hyderabad,Rajasthan Royals
501219,258,16,2011,Eden Gardens,Kochi Tuskers Kerala,Kolkata Knight Riders
598053,258,16,2013,Subrata Roy Sahara Stadium,Kolkata Knight Riders,Pune Warriors
1254092,257,16,2021,Sharjah Cricket Stadium,Delhi Capitals,Kolkata Knight Riders
597998,257,14,2013,Eden Gardens,Delhi Daredevils,Kolkata Knight Riders
1082650,257,14,2017,"Rajiv Gandhi International Stadium, Uppal",Mumbai Indians,Rising Pune Supergiant
1082633,257,17,2017,M Chinnaswamy Stadium,Kings XI Punjab,Royal Challengers Bangalore
501266,257,10,2011,M Chinnaswamy Stadium,Chennai Super Kings,Royal Challengers Bangalore
1254106,256,14,2021,Sharjah Cricket Stadium,Kolkata Knight Riders,Rajasthan Royals
980967,255,11,2016,"Rajiv Gandhi International Stadium, Uppal",Gujarat Lions,Sunrisers Hyderabad
548376,255,16,2012,"Rajiv Gandhi International Stadium, Uppal",Deccan Chargers,Royal Challengers Bangalore
1359502,255,16,2023,"Arun Jaitley Stadium, Delhi",Kolkata Knight Riders,Delhi Capitals
1136595,255,13,2018,Maharashtra Cricket Association Stadium,Royal Challengers Bangalore,Chennai Super Kings
1359518,255,14,2023,"Narendra Modi Stadium, Ahmedabad",Delhi Capitals,Gujarat Titans
1527676,255,12,2026,"Barsapara Cricket Stadium, Guwahati",Chennai Super Kings,Rajasthan Royals
548373,254,13,2012,"Rajiv Gandhi International Stadium, Uppal",Rajasthan Royals,Deccan Chargers
1529299,254,15,2026,"Narendra Modi Stadium, Ahmedabad",Gujarat Titans,Sunrisers Hyderabad
336006,253,14,2008,M Chinnaswamy Stadium,Royal Challengers Bangalore,Kings XI Punjab
548361,253,12,2012,Sawai Mansingh Stadium,Rajasthan Royals,Chennai Super Kings
336010,253,11,2008,Eden Gardens,Kolkata Knight Riders,Royal Challengers Bangalore
548335,253,12,2012,Barabati Stadium,Deccan Chargers,Kolkata Knight Riders
1082624,253,12,2017,Maharashtra Cricket Association Stadium,Rising Pune Supergiant,Royal Challengers Bangalore
501247,253,10,2011,M Chinnaswamy Stadium,Kochi Tuskers Kerala,Royal Challengers Bangalore
1422132,252,13,2024,"Wankhede Stadium, Mumbai",Mumbai Indians,Rajasthan Royals
1136564,252,10,2018,Rajiv Gandhi International Stadium,Rajasthan Royals,Sunrisers Hyderabad
598020,252,14,2013,Feroz Shah Kotla,Chennai Super Kings,Delhi Daredevils
1216533,251,8,2020,Sheikh Zayed Stadium,Chennai Super Kings,Rajasthan Royals
548358,251,9,2012,Subrata Roy Sahara Stadium,Pune Warriors,Rajasthan Royals
392195,251,13,2009,Newlands,Kings XI Punjab,Rajasthan Royals
980985,251,12,2016,Dr. Y.S. Rajasekhara Reddy ACA-VDCA Cricket Stadium,Mumbai Indians,Kings XI Punjab
729313,251,13,2014,Dubai International Cricket Stadium,Royal Challengers Bangalore,Kings XI Punjab
729309,251,11,2014,Sharjah Cricket Stadium,Mumbai Indians,Delhi Daredevils
1136585,251,16,2018,Rajiv Gandhi International Stadium,Sunrisers Hyderabad,Kings XI Punjab
548328,251,9,2012,"Punjab Cricket Association Stadium, Mohali",Kings XI Punjab,Kolkata Knight Riders
598014,250,14,2013,Sawai Mansingh Stadium,Kings XI Punjab,Rajasthan Royals
598021,250,14,2013,"Rajiv Gandhi International Stadium, Uppal",Kings XI Punjab,Sunrisers Hyderabad
501251,250,18,2011,"Punjab Cricket Association Stadium, Mohali",Kings XI Punjab,Mumbai Indians
981001,249,12,2016,Green Park,Kolkata Knight Riders,Gujarat Lions
598065,249,18,2013,"Rajiv Gandhi International Stadium, Uppal",Sunrisers Hyderabad,Rajasthan Royals
1254078,249,14,2021,"Narendra Modi Stadium, Ahmedabad",Punjab Kings,Kolkata Knight Riders
1359484,248,13,2023,"Bharat Ratna Shri Atal Bihari Vajpayee Ekana Cricket Stadium, Lucknow",Sunrisers Hyderabad,Lucknow Super Giants
548370,248,17,2012,Wankhede Stadium,Kolkata Knight Riders,Mumbai Indians
336012,248,10,2008,M Chinnaswamy Stadium,Royal Challengers Bangalore,Mumbai Indians
392219,248,11,2009,New Wanderers Stadium,Kolkata Knight Riders,Delhi Daredevils
980901,247,9,2016,Wankhede Stadium,Mumbai Indians,Rising Pune Supergiants
419163,246,17,2010,Dr DY Patil Sports Academy,Chennai Super Kings,Deccan Chargers
1254107,245,14,2021,Sharjah Cricket Stadium,Punjab Kings,Sunrisers Hyderabad
548371,243,11,2012,Himachal Pradesh Cricket Association Stadium,Chennai Super Kings,Kings XI Punjab
392226,243,13,2009,OUTsurance Oval,Delhi Daredevils,Kings XI Punjab
336017,243,16,2008,Eden Gardens,Kolkata Knight Riders,Delhi Daredevils
598022,243,15,2013,Eden Gardens,Kolkata Knight Riders,Chennai Super Kings
501218,242,13,2011,Wankhede Stadium,Pune Warriors,Mumbai Indians
729307,241,19,2014,Sheikh Zayed Stadium,Kings XI Punjab,Kolkata Knight Riders
598059,241,12,2013,Feroz Shah Kotla,Delhi Daredevils,Kings XI Punjab
1254071,241,11,2021,"MA Chidambaram Stadium, Chepauk, Chennai",Punjab Kings,Sunrisers Hyderabad
1216502,241,12,2020,Sharjah Cricket Stadium,Royal Challengers Bangalore,Sunrisers Hyderabad
392222,241,11,2009,SuperSport Park,Kings XI Punjab,Mumbai Indians
1216498,240,17,2020,Dubai International Cricket Stadium,Kings XI Punjab,Sunrisers Hyderabad
598023,240,13,2013,M Chinnaswamy Stadium,Rajasthan Royals,Royal Challengers Bangalore
501234,239,8,2011,Eden Gardens,Kings XI Punjab,Kolkata Knight Riders
501248,239,13,2011,"Punjab Cricket Association Stadium, Mohali",Kings XI Punjab,Pune Warriors
829801,239,10,2015,Shaheed Veer Narayan Singh International Stadium,Chennai Super Kings,Delhi Daredevils
548351,239,15,2012,Subrata Roy Sahara Stadium,Mumbai Indians,Pune Warriors
336029,238,16,2008,"MA Chidambaram Stadium, Chepauk",Royal Challengers Bangalore,Chennai Super Kings
548375,238,12,2012,Subrata Roy Sahara Stadium,Kolkata Knight Riders,Pune Warriors
1359522,237,11,2023,"Sawai Mansingh Stadium, Jaipur",Rajasthan Royals,Gujarat Titans
1473449,237,12,2025,"Wankhede Stadium, Mumbai",Kolkata Knight Riders,Mumbai Indians
829767,237,9,2015,Feroz Shah Kotla,Kings XI Punjab,Delhi Daredevils
501262,237,10,2011,Dr DY Patil Sports Academy,Pune Warriors,Kolkata Knight Riders
392186,237,7,2009,Kingsmead,Kings XI Punjab,Kolkata Knight Riders
1178428,236,14,2019,Arun Jaitley Stadium,Rajasthan Royals,Delhi Capitals
733989,236,19,2014,"Sardar Patel Stadium, Motera",Sunrisers Hyderabad,Rajasthan Royals
392200,235,15,2009,Kingsmead,Kings XI Punjab,Mumbai Indians
1304078,234,11,2022,"Brabourne Stadium, Mumbai",Punjab Kings,Delhi Capitals
392215,234,13,2009,Buffalo Park,Mumbai Indians,Delhi Daredevils
1254109,234,12,2021,Dubai International Cricket Stadium,Sunrisers Hyderabad,Kolkata Knight Riders
1359517,234,19,2023,"Bharat Ratna Shri Atal Bihari Vajpayee Ekana Cricket Stadium, Lucknow",Royal Challengers Bangalore,Lucknow Super Giants
734039,234,13,2014,"Punjab Cricket Association Stadium, Mohali",Delhi Daredevils,Kings XI Punjab
1178394,232,17,2019,Rajiv Gandhi International Stadium,Mumbai Indians,Sunrisers Hyderabad
548319,231,13,2012,"Punjab Cricket Association Stadium, Mohali",Pune Warriors,Kings XI Punjab
598057,231,14,2013,JSCA International Stadium Complex,Royal Challengers Bangalore,Kolkata Knight Riders
729287,231,12,2014,Dubai International Cricket Stadium,Mumbai Indians,Royal Challengers Bangalore
1359534,230,15,2023,"Sawai Mansingh Stadium, Jaipur",Royal Challengers Bangalore,Rajasthan Royals
598000,230,16,2013,"Rajiv Gandhi International Stadium, Uppal",Sunrisers Hyderabad,Pune Warriors
548308,230,18,2012,Wankhede Stadium,Pune Warriors,Mumbai Indians
1216521,230,9,2020,Sharjah Cricket Stadium,Chennai Super Kings,Mumbai Indians
548364,229,6,2012,"MA Chidambaram Stadium, Chepauk",Delhi Daredevils,Chennai Super Kings
598010,229,15,2013,Feroz Shah Kotla,Delhi Daredevils,Sunrisers Hyderabad
598055,228,13,2013,Subrata Roy Sahara Stadium,Pune Warriors,Mumbai Indians
336039,228,9,2008,Wankhede Stadium,Kings XI Punjab,Chennai Super Kings
1426312,227,12,2024,"MA Chidambaram Stadium, Chepauk, Chennai",Sunrisers Hyderabad,Kolkata Knight Riders
829815,227,11,2015,"Rajiv Gandhi International Stadium, Uppal",Sunrisers Hyderabad,Mumbai Indians
548306,227,13,2012,"MA Chidambaram Stadium, Chepauk",Chennai Super Kings,Mumbai Indians
598018,227,18,2013,Maharashtra Cricket Association Stadium,Sunrisers Hyderabad,Pune Warriors
1304103,226,14,2022,"Maharashtra Cricket Association Stadium, Pune",Gujarat Titans,Lucknow Super Giants
829771,226,7,2015,M Chinnaswamy Stadium,Kolkata Knight Riders,Royal Challengers Bangalore
501202,225,11,2011,Dr DY Patil Sports Academy,Kings XI Punjab,Pune Warriors
419155,225,13,2010,"MA Chidambaram Stadium, Chepauk",Chennai Super Kings,Delhi Daredevils
980913,224,11,2016,Feroz Shah Kotla,Kings XI Punjab,Delhi Daredevils
419149,223,13,2010,Feroz Shah Kotla,Delhi Daredevils,Kings XI Punjab
335986,222,15,2008,Eden Gardens,Deccan Chargers,Kolkata Knight Riders
548316,221,10,2012,Feroz Shah Kotla,Chennai Super Kings,Delhi Daredevils
1216535,221,10,2020,Dubai International Cricket Stadium,Delhi Capitals,Mumbai Indians
501225,220,12,2011,Sawai Mansingh Stadium,Kochi Tuskers Kerala,Rajasthan Royals
336005,219,12,2008,Sawai Mansingh Stadium,Chennai Super Kings,Rajasthan Royals
1178398,219,12,2019,MA Chidambaram Stadium,Kolkata Knight Riders,Chennai Super Kings
829807,218,7,2015,"Rajiv Gandhi International Stadium, Uppal",Sunrisers Hyderabad,Royal Challengers Bangalore
598046,218,15,2013,Wankhede Stadium,Mumbai Indians,Chennai Super Kings
1082649,218,14,2017,M Chinnaswamy Stadium,Kolkata Knight Riders,Mumbai Indians
1136566,213,9,2018,Sawai Mansingh Stadium,Rajasthan Royals,Delhi Daredevils
1254065,213,12,2021,"Wankhede Stadium, Mumbai",Punjab Kings,Chennai Super Kings
980943,212,11,2016,"Rajiv Gandhi International Stadium, Uppal",Sunrisers Hyderabad,Rising Pune Supergiants
392213,212,13,2009,SuperSport Park,Royal Challengers Bangalore,Rajasthan Royals
336022,212,7,2008,Feroz Shah Kotla,Delhi Daredevils,Kings XI Punjab
1473462,210,11,2025,"MA Chidambaram Stadium, Chepauk, Chennai",Chennai Super Kings,Kolkata Knight Riders
1473481,208,4,2025,"Eden Gardens, Kolkata",Punjab Kings,Kolkata Knight Riders
392234,208,17,2009,Kingsmead,Chennai Super Kings,Kings XI Punjab
336008,207,13,2008,Dr DY Patil Sports Academy,Rajasthan Royals,Mumbai Indians
1473508,207,12,2025,"Maharaja Yadavindra Singh International Cricket Stadium, Mullanpur",Punjab Kings,Royal Challengers Bengaluru
1473468,206,20,2025,"Maharaja Yadavindra Singh International Cricket Stadium, Mullanpur",Punjab Kings,Kolkata Knight Riders
1136583,205,20,2018,Wankhede Stadium,Sunrisers Hyderabad,Mumbai Indians
392184,205,12,2009,Newlands,Kolkata Knight Riders,Deccan Chargers
336025,204,5,2008,Eden Gardens,Kolkata Knight Riders,Chennai Super Kings
501229,203,17,2011,Nehru Stadium,Deccan Chargers,Kochi Tuskers Kerala
392233,203,15,2009,Kingsmead,Rajasthan Royals,Kolkata Knight Riders
548346,201,15,2012,Wankhede Stadium,Deccan Chargers,Mumbai Indians
829763,200,7,2015,M Chinnaswamy Stadium,Royal Challengers Bangalore,Rajasthan Royals
1304105,200,15,2022,"Wankhede Stadium, Mumbai",Chennai Super Kings,Mumbai Indians
598003,199,11,2013,Subrata Roy Sahara Stadium,Pune Warriors,Kings XI Punjab
980997,197,7,2016,Dr. Y.S. Rajasekhara Reddy ACA-VDCA Cricket Stadium,Delhi Daredevils,Rising Pune Supergiants
980903,197,11,2016,Eden Gardens,Delhi Daredevils,Kolkata Knight Riders
548307,197,11,2012,Eden Gardens,Kolkata Knight Riders,Delhi Daredevils
501258,195,12,2011,Holkar Cricket Stadium,Rajasthan Royals,Kochi Tuskers Kerala
501201,194,12,2011,Feroz Shah Kotla,Delhi Daredevils,Mumbai Indians
829757,194,10,2015,Feroz Shah Kotla,Delhi Daredevils,Royal Challengers Bangalore
501255,194,10,2011,M Chinnaswamy Stadium,Kolkata Knight Riders,Royal Challengers Bangalore
1473471,193,14,2025,"M Chinnaswamy Stadium, Bengaluru",Royal Challengers Bengaluru,Punjab Kings
392182,191,18,2009,Newlands,Royal Challengers Bangalore,Rajasthan Royals
829803,190,12,2015,"Punjab Cricket Association Stadium, Mohali",Kings XI Punjab,Royal Challengers Bangalore
501231,189,11,2011,Sawai Mansingh Stadium,Mumbai Indians,Rajasthan Royals
829813,189,5,2015,M Chinnaswamy Stadium,Delhi Daredevils,Royal Challengers Bangalore
598068,188,8,2013,M Chinnaswamy Stadium,Royal Challengers Bangalore,Chennai Super Kings
733993,187,9,2014,Feroz Shah Kotla,Delhi Daredevils,Sunrisers Hyderabad
1254087,186,11,2021,"Zayed Cricket Stadium, Abu Dhabi",Royal Challengers Bangalore,Kolkata Knight Riders
548325,185,13,2012,Wankhede Stadium,Mumbai Indians,Delhi Daredevils
419115,185,10,2010,M Chinnaswamy Stadium,Rajasthan Royals,Royal Challengers Bangalore
1254093,184,11,2021,Sharjah Cricket Stadium,Rajasthan Royals,Mumbai Indians
1426270,181,14,2024,"Narendra Modi Stadium, Ahmedabad",Gujarat Titans,Delhi Capitals
1082617,180,20,2017,Eden Gardens,Kolkata Knight Riders,Royal Challengers Bangalore
1136608,180,10,2018,Holkar Cricket Stadium,Kings XI Punjab,Royal Challengers Bangalore
1082648,176,10,2017,M Chinnaswamy Stadium,Sunrisers Hyderabad,Kolkata Knight Riders
501245,175,6,2011,Eden Gardens,Chennai Super Kings,Kolkata Knight Riders
980989,169,8,2016,Eden Gardens,Rising Pune Supergiants,Kolkata Knight Riders
1216494,169,10,2020,Sheikh Zayed Stadium,Kolkata Knight Riders,Royal Challengers Bangalore
419164,168,11,2010,Dr DY Patil Sports Academy,Deccan Chargers,Royal Challengers Bangalore
501214,166,12,2011,Eden Gardens,Rajasthan Royals,Kolkata Knight Riders
392183,162,7,2009,Newlands,Kings XI Punjab,Delhi Daredevils
598044,161,14,2013,"Rajiv Gandhi International Stadium, Uppal",Delhi Daredevils,Sunrisers Hyderabad
1529282,152,11,2026,"Arun Jaitley Stadium, Delhi",Delhi Capitals,Royal Challengers Bengaluru
1082645,151,11,2017,Maharashtra Cricket Association Stadium,Kings XI Punjab,Rising Pune Supergiant
1175356,141,13,2019,MA Chidambaram Stadium,Royal Challengers Bangalore,Chennai Super Kings
729305,141,14,2014,Sheikh Zayed Stadium,Royal Challengers Bangalore,Rajasthan Royals
1304082,140,11,2022,"Brabourne Stadium, Mumbai",Royal Challengers Bangalore,Sunrisers Hyderabad
1082626,135,10,2017,"Punjab Cricket Association IS Bindra Stadium, Mohali",Delhi Daredevils,Kings XI Punjab
336021,135,12,2008,Wankhede Stadium,Kolkata Knight Riders,Mumbai Indians
1473492,133,7,2025,"Rajiv Gandhi International Stadium, Uppal, Hyderabad",Delhi Capitals,Sunrisers Hyderabad
1359519,125,7,2023,"Bharat Ratna Shri Atal Bihari Vajpayee Ekana Cricket Stadium, Lucknow",Lucknow Super Giants,Chennai Super Kings
1473495,122,1,2025,"Himachal Pradesh Cricket Association Stadium, Dharamsala",Punjab Kings,Delhi Capitals
1178424,103,8,2019,M.Chinnaswamy Stadium,Royal Challengers Bangalore,Rajasthan Royals
501265,56,3,2011,Feroz Shah Kotla,Delhi Daredevils,Pune Warriors
1527685,25,2,2026,"Eden Gardens, Kolkata",Kolkata Knight Riders,Punjab Kings
